Gene ID,Transcript ID,Chromosome,Site,Alt,Ref,Peak Range Start,Peak Range End,SNP Position,Trait
Zm00001d027325,Zm00001d027325_T003,Chr.1,2977148,T,A,2977063,2977438,291,plant survival rate under drought stress
Zm00001d027403,Zm00001d027403_T002,Chr.1,4495605,C,T,4495224,4496433,829,Cob Diameter
Zm00001d027403,Zm00001d027403_T002,Chr.1,4495605,C,T,4495224,4496458,854,Cob Diameter
Zm00001d027403,Zm00001d027403_T002,Chr.1,4495605,C,T,4495224,4496483,879,Cob Diameter
Zm00001d027403,Zm00001d027403_T002,Chr.1,4495879,A,G,4495224,4496433,555,cob diameter
Zm00001d027403,Zm00001d027403_T002,Chr.1,4495879,A,G,4495224,4496458,580,cob diameter
Zm00001d027403,Zm00001d027403_T002,Chr.1,4495879,A,G,4495224,4496483,605,cob diameter
Zm00001d027427,Zm00001d027427_T002,Chr.1,5097743,T,C,5097519,5098140,225,node count
Zm00001d027483,Zm00001d027483_T001,Chr.1,6296377,T,C,6296234,6296534,158,Cob Weight
Zm00001d027636,Zm00001d027636_T001,Chr.1,9638592,G,A,9638240,9638665,74,Late fresh biomass
Zm00001d027636,Zm00001d027636_T001,Chr.1,9638592,G,A,9638240,9638690,99,Late fresh biomass
Zm00001d027636,Zm00001d027636_T001,Chr.1,9638592,G,A,9638240,9638740,149,Late fresh biomass
Zm00001d027636,Zm00001d027636_T001,Chr.1,9638592,G,A,9638490,9638615,24,Late fresh biomass
Zm00001d027968,Zm00001d027968_T001,Chr.1,18525614,A,C,18525321,18525819,294,acid detergent fiber
Zm00001d028038,Zm00001d028038_T009,Chr.1,21200183,G,A,21199302,21200540,882,node count
Zm00001d028084,Zm00001d028084_T013,Chr.1,22264379,G,C,22264006,22264972,594,Shoot biomass
Zm00001d028084,Zm00001d028084_T013,Chr.1,22264379,G,C,22264106,22264972,594,Shoot biomass
Zm00001d028084,Zm00001d028084_T013,Chr.1,22264379,G,C,22264106,22264997,619,Shoot biomass
Zm00001d028665,Zm00001d028665_T001,Chr.1,42291826,G,A,42291796,42292021,196,ear height
Zm00001d028733,Zm00001d028733_T003,Chr.1,44560235,G,A,44559437,44560801,799,node count
Zm00001d028733,Zm00001d028733_T003,Chr.1,44560235,G,A,44559462,44560801,774,node count
Zm00001d028778,Zm00001d028778_T002,Chr.1,46193534,G,A,46193187,46193795,348,node count
Zm00001d028778,Zm00001d028778_T002,Chr.1,46193534,G,A,46193212,46193795,323,node count
Zm00001d029151,Zm00001d029151_T003,Chr.1,60747639,C,G,60747233,60747914,407,flowering time
Zm00001d029151,Zm00001d029151_T003,Chr.1,60747639,C,G,60747233,60747986,407,flowering time
Zm00001d029151,Zm00001d029151_T003,Chr.1,60747639,C,G,60747379,60747986,261,flowering time
Zm00001d029151,Zm00001d029151_T003,Chr.1,60747639,C,G,60747404,60747986,236,flowering time
Zm00001d029377,Zm00001d029377_T001,Chr.1,68221403,T,C,68221059,68221559,345,flowering time
Zm00001d029377,Zm00001d029377_T001,Chr.1,68221403,T,C,68221084,68221559,320,flowering time
Zm00001d029377,Zm00001d029377_T001,Chr.1,68221403,T,C,68221359,68221559,45,flowering time
Zm00001d029377,Zm00001d029377_T001,Chr.1,68221403,T,C,68221384,68221559,20,flowering time
Zm00001d029377,Zm00001d029377_T001,Chr.1,68221408,G,A,68221059,68221559,350,ear height
Zm00001d029377,Zm00001d029377_T001,Chr.1,68221408,G,A,68221084,68221559,325,ear height
Zm00001d029377,Zm00001d029377_T001,Chr.1,68221408,G,A,68221359,68221559,50,ear height
Zm00001d029377,Zm00001d029377_T001,Chr.1,68221408,G,A,68221384,68221559,25,ear height
Zm00001d029426,Zm00001d029426_T025,Chr.1,70069176,G,A,70067879,70069406,1298,ear height
Zm00001d029426,Zm00001d029426_T025,Chr.1,70069176,G,A,70067904,70069406,1273,ear height
Zm00001d029426,Zm00001d029426_T025,Chr.1,70069176,G,A,70068054,70069406,1123,ear height
Zm00001d029426,Zm00001d029426_T025,Chr.1,70069176,G,A,70068202,70069406,975,ear height
Zm00001d029495,Zm00001d029495_T001,Chr.1,73080794,G,C,73080503,73081600,807,plant height
Zm00001d029495,Zm00001d029495_T001,Chr.1,73080794,G,C,73080603,73081600,807,plant height
Zm00001d029619,Zm00001d029619_T001,Chr.1,79903175,A,G,79902962,79904082,908,Root Biomass
Zm00001d029619,Zm00001d029619_T001,Chr.1,79903175,A,G,79902987,79904057,883,Root Biomass
Zm00001d029674,Zm00001d029674_T001,Chr.1,82236869,A,G,82236441,82237150,429,the biovolume of plants
Zm00001d029674,Zm00001d029674_T001,Chr.1,82236869,A,G,82236441,82237175,429,the biovolume of plants
Zm00001d029674,Zm00001d029674_T001,Chr.1,82236869,A,G,82236466,82237175,404,the biovolume of plants
Zm00001d030079,Zm00001d030079_T001,Chr.1,104119011,T,C,104118704,104119448,438,grain weight per plant_LP tolerance index
Zm00001d030094,Zm00001d030094_T006,Chr.1,105185825,T,A,105185815,105185890,11,days to silk
Zm00001d030938,Zm00001d030938_T001,Chr.1,168399885,T,C,168399657,168399907,23,plant height
Zm00001d031163,Zm00001d031163_T003,Chr.1,180295461,C,T,180295369,180295594,134,ear height
Zm00001d031223,Zm00001d031223_T003,Chr.1,182660006,T,C,182659622,182660540,385,tassel length
Zm00001d031223,Zm00001d031223_T003,Chr.1,182660006,T,C,182659647,182660565,360,tassel length
Zm00001d031223,Zm00001d031223_T003,Chr.1,182660006,T,C,182659672,182660565,335,tassel length
Zm00001d031429,Zm00001d031429_T007,Chr.1,189859797,T,C,189859697,189859947,101,abscisic acid glucose ester content
Zm00001d031429,Zm00001d031429_T007,Chr.1,189859797,T,C,189859697,189859997,101,abscisic acid glucose ester content
Zm00001d031429,Zm00001d031429_T007,Chr.1,189859797,T,C,189859697,189860097,101,abscisic acid glucose ester content
Zm00001d031429,Zm00001d031429_T007,Chr.1,189859797,T,C,189859722,189859947,76,abscisic acid glucose ester content
Zm00001d031429,Zm00001d031429_T007,Chr.1,189859797,T,C,189859722,189860022,76,abscisic acid glucose ester content
Zm00001d031443,Zm00001d031443_T001,Chr.1,190266509,C,T,190266419,190266519,11,plant height
Zm00001d031522,Zm00001d031522_T008,Chr.1,192761958,T,C,192761871,192762316,88,node count
Zm00001d031522,Zm00001d031522_T008,Chr.1,192761958,T,C,192761896,192762316,63,node count
Zm00001d031674,Zm00001d031674_T005,Chr.1,198271533,C,A,198271525,198271950,9,ear height
Zm00001d032152,Zm00001d032152_T001,Chr.1,214579048,G,A,214578994,214579319,272,plant height
Zm00001d032152,Zm00001d032152_T001,Chr.1,214579048,G,A,214578994,214579344,297,plant height
Zm00001d032229,Zm00001d032229_T006,Chr.1,218004405,T,C,218003456,218004720,950,leaf width
Zm00001d032229,Zm00001d032229_T006,Chr.1,218004405,T,C,218003481,218004745,925,leaf width
Zm00001d032350,Zm00001d032350_T008,Chr.1,223440674,T,C,223440519,223440944,271,plant survival rate under drought stress
Zm00001d032350,Zm00001d032350_T008,Chr.1,223440674,T,C,223440644,223440944,271,plant survival rate under drought stress
Zm00001d032350,Zm00001d032350_T008,Chr.1,223440674,T,C,223440669,223440919,246,plant survival rate under drought stress
Zm00001d032617,Zm00001d032617_T002,Chr.1,232184040,A,C,232182770,232184112,1271,flowering time
Zm00001d032617,Zm00001d032617_T002,Chr.1,232184040,A,C,232183912,232184087,129,flowering time
Zm00001d032789,Zm00001d032789_T003,Chr.1,238195534,A,C,238195328,238195603,70,total nodal root number
Zm00001d032789,Zm00001d032789_T003,Chr.1,238195534,A,C,238195328,238195678,145,total nodal root number
Zm00001d032789,Zm00001d032789_T003,Chr.1,238195534,A,C,238195328,238195728,195,total nodal root number
Zm00001d032904,Zm00001d032904_T001,Chr.1,242405038,A,T,242404802,242405252,215,tassel length
Zm00001d032904,Zm00001d032904_T001,Chr.1,242405038,A,T,242404977,242405277,240,tassel length
Zm00001d032904,Zm00001d032904_T001,Chr.1,242405038,A,T,242405002,242405252,215,tassel length
Zm00001d033738,Zm00001d033738_T003,Chr.1,272592860,T,A,272592786,272593127,75,proline content
Zm00001d033866,Zm00001d033866_T001,Chr.1,276738347,G,T,276738074,276738574,228,days to anthesis
Zm00001d033866,Zm00001d033866_T001,Chr.1,276738347,G,T,276738074,276738624,278,days to anthesis
Zm00001d033866,Zm00001d033866_T001,Chr.1,276738347,G,T,276738074,276738649,303,days to anthesis
Zm00001d033866,Zm00001d033866_T001,Chr.1,276738347,G,T,276738074,276738674,328,days to anthesis
Zm00001d033874,Zm00001d033874_T001,Chr.1,277058244,A,G,277058236,277058522,279,plant height
Zm00001d033909,Zm00001d033909_T001,Chr.1,278287602,C,T,278287592,278288252,11,spike length
Zm00001d034563,Zm00001d034563_T001,Chr.1,296440808,A,G,296440168,296440941,641,plant height
Zm00001d034563,Zm00001d034563_T001,Chr.1,296440808,A,G,296440478,296440941,331,plant height
Zm00001d034805,Zm00001d034805_T007,Chr.1,302480016,C,A,302479921,302480071,56,stalk strength
Zm00001d034872,Zm00001d034872_T001,Chr.1,304416301,T,G,304416135,304416310,10,tassel length
Zm00001d023294,Zm00001d023294_T001,Chr.10,2263371,T,G,2263303,2263378,8,plant survival rate under drought stress
Zm00001d023294,Zm00001d023294_T001,Chr.10,2263371,T,G,2263303,2263503,133,plant survival rate under drought stress
Zm00001d023446,Zm00001d023446_T001,Chr.10,5749355,A,G,5749282,5749432,74,days to silk
Zm00001d023639,Zm00001d023639_T003,Chr.10,13317780,G,A,13317010,13317922,143,upper leaf angle
Zm00001d023639,Zm00001d023639_T003,Chr.10,13317780,G,A,13317010,13318072,293,upper leaf angle
Zm00001d023639,Zm00001d023639_T003,Chr.10,13317781,T,C,13317010,13317922,142,upper leaf angle
Zm00001d023639,Zm00001d023639_T003,Chr.10,13317781,T,C,13317010,13318072,292,upper leaf angle
Zm00001d023830,Zm00001d023830_T001,Chr.10,23732999,G,C,23732368,23733880,632,tassel length
Zm00001d023865,Zm00001d023865_T001,Chr.10,25418112,G,A,25417583,25418436,325,sucrose content
Zm00001d023865,Zm00001d023865_T001,Chr.10,25418112,G,A,25417583,25418461,350,sucrose content
Zm00001d023865,Zm00001d023865_T001,Chr.10,25418112,G,A,25417583,25418486,375,sucrose content
Zm00001d023865,Zm00001d023865_T001,Chr.10,25418112,G,A,25418108,25418436,325,sucrose content
Zm00001d024275,Zm00001d024275_T014,Chr.10,61188414,G,C,61188111,61188843,304,flowering time
Zm00001d024718,Zm00001d024718_T001,Chr.10,84950590,C,T,84950248,84950763,174,ear length
Zm00001d024718,Zm00001d024718_T001,Chr.10,84950590,C,T,84950248,84950788,199,ear length
Zm00001d025107,Zm00001d025107_T001,Chr.10,104574813,A,G,104574416,104574816,4,shoot apical meristem volume
Zm00001d025127,Zm00001d025127_T001,Chr.10,105639964,C,T,105639826,105640426,463,shoot apical meristem volume
Zm00001d025127,Zm00001d025127_T001,Chr.10,105640071,A,T,105639826,105640426,356,shoot apical meristem volume
Zm00001d025425,Zm00001d025425_T001,Chr.10,118294492,A,G,118293925,118294933,442,plant height
Zm00001d025425,Zm00001d025425_T001,Chr.10,118294492,A,G,118293925,118294958,467,plant height
Zm00001d025425,Zm00001d025425_T001,Chr.10,118294492,A,G,118293950,118294933,442,plant height
Zm00001d025815,Zm00001d025815_T001,Chr.10,130400071,A,T,130399899,130400399,329,days to silk
Zm00001d025815,Zm00001d025815_T001,Chr.10,130400071,A,T,130399899,130400474,404,days to silk
Zm00001d025815,Zm00001d025815_T001,Chr.10,130400071,A,T,130399924,130400449,379,days to silk
Zm00001d026190,Zm00001d026190_T003,Chr.10,140562378,C,T,140561972,140562422,45,branch number
Zm00001d026190,Zm00001d026190_T003,Chr.10,140562378,C,T,140561972,140562472,95,branch number
Zm00001d026190,Zm00001d026190_T003,Chr.10,140562378,C,T,140562147,140562422,45,branch number
Zm00001d026244,Zm00001d026244_T001,Chr.10,141740507,G,A,141740337,141740762,256,伪/纬 ratio
Zm00001d026244,Zm00001d026244_T001,Chr.10,141740507,G,A,141740362,141740762,256,伪/纬 ratio
Zm00001d026244,Zm00001d026244_T001,Chr.10,141740507,G,A,141740387,141740737,231,伪/纬 ratio
Zm00001d026244,Zm00001d026244_T001,Chr.10,141740507,G,A,141740387,141740762,256,伪/纬 ratio
Zm00001d026244,Zm00001d026244_T001,Chr.10,141740547,A,G,141740337,141740762,216,伪/纬 ratio
Zm00001d026244,Zm00001d026244_T001,Chr.10,141740547,A,G,141740362,141740762,216,伪/纬 ratio
Zm00001d026244,Zm00001d026244_T001,Chr.10,141740547,A,G,141740387,141740737,191,伪/纬 ratio
Zm00001d026244,Zm00001d026244_T001,Chr.10,141740547,A,G,141740387,141740762,216,伪/纬 ratio
Zm00001d026535,Zm00001d026535_T005,Chr.10,147815050,A,T,147815004,147815329,47,ear height
Zm00001d026535,Zm00001d026535_T005,Chr.10,147815050,A,T,147815004,147815354,47,ear height
Zm00001d026535,Zm00001d026535_T005,Chr.10,147815050,A,T,147815029,147815304,22,ear height
Zm00001d026552,Zm00001d026552_T001,Chr.10,148018472,G,A,148018155,148019295,824,ear height
Zm00001d001931,Zm00001d001931_T001,Chr.2,3093839,T,C,3093087,3094052,214,ear height
Zm00001d001931,Zm00001d001931_T001,Chr.2,3093839,T,C,3093087,3094641,803,ear height
Zm00001d001931,Zm00001d001931_T001,Chr.2,3093839,T,C,3093112,3094052,214,ear height
Zm00001d002029,Zm00001d002029_T001,Chr.2,4666525,A,G,4666310,4667512,988,spike length
Zm00001d002029,Zm00001d002029_T001,Chr.2,4666525,A,G,4666310,4667537,1013,spike length
Zm00001d002086,Zm00001d002086_T001,Chr.2,5768413,T,C,5767919,5768631,495,flowering time
Zm00001d002119,Zm00001d002119_T021,Chr.2,6131878,T,C,6131609,6132284,270,Diameter of the primary root
Zm00001d002163,Zm00001d002163_T006,Chr.2,6960190,A,T,6960045,6960195,6,Root Biomass
Zm00001d002169,Zm00001d002169_T023,Chr.2,7096875,T,C,7096778,7097278,98,ear height
Zm00001d002169,Zm00001d002169_T023,Chr.2,7096875,T,C,7096803,7097278,73,ear height
Zm00001d002288,Zm00001d002288_T005,Chr.2,9619436,T,C,9619331,9619581,146,ear height
Zm00001d002288,Zm00001d002288_T005,Chr.2,9619436,T,C,9619331,9619606,171,ear height
Zm00001d002523,Zm00001d002523_T001,Chr.2,14724982,C,T,14724860,14724985,123,upper leaf angle
Zm00001d002584,Zm00001d002584_T001,Chr.2,16084234,G,C,16083701,16084671,438,node count
Zm00001d002624,Zm00001d002624_T005,Chr.2,17080861,A,T,17080379,17080873,13,plant height
Zm00001d003314,Zm00001d003314_T001,Chr.2,39886792,A,G,39886722,39886847,71,southern leaf blight (SLB) resistance
Zm00001d003314,Zm00001d003314_T001,Chr.2,39886837,A,G,39886722,39886847,116,southern leaf blight (SLB) resistance
Zm00001d004132,Zm00001d004132_T001,Chr.2,85448552,G,A,85448479,85448679,74,anthesis-silking interval
Zm00001d004132,Zm00001d004132_T001,Chr.2,85448552,G,A,85448479,85448729,74,anthesis-silking interval
Zm00001d004931,Zm00001d004931_T001,Chr.2,149354510,A,G,149354181,149354556,47,days to silking
Zm00001d004959,Zm00001d004959_T005,Chr.2,150685930,C,T,150685602,150685944,329,Cd accumulation of leaves
Zm00001d005498,Zm00001d005498_T003,Chr.2,176000163,T,G,175999838,176000385,223,grain yield
Zm00001d005498,Zm00001d005498_T003,Chr.2,176000163,T,G,175999838,176000410,248,grain yield
Zm00001d005498,Zm00001d005498_T003,Chr.2,176000163,T,G,175999963,176000385,223,grain yield
Zm00001d005498,Zm00001d005498_T003,Chr.2,176000163,T,G,175999988,176000385,223,grain yield
Zm00001d005856,Zm00001d005856_T005,Chr.2,190967988,T,A,190967828,190968622,161,Days to Silk
Zm00001d005856,Zm00001d005856_T005,Chr.2,190967988,T,A,190967828,190968672,161,Days to Silk
Zm00001d005856,Zm00001d005856_T005,Chr.2,190967988,T,A,190967853,190968622,136,Days to Silk
Zm00001d006061,Zm00001d006061_T008,Chr.2,196887007,C,A,196886905,196887801,795,Cob weight
Zm00001d006061,Zm00001d006061_T008,Chr.2,196887007,C,A,196886905,196887967,961,Cob weight
Zm00001d006061,Zm00001d006061_T008,Chr.2,196887007,C,A,196886905,196887992,986,Cob weight
Zm00001d006090,Zm00001d006090_T003,Chr.2,197869989,C,G,197869872,197870047,118,days to silk
Zm00001d006090,Zm00001d006090_T003,Chr.2,197869989,C,G,197869897,197870022,93,days to silk
Zm00001d006090,Zm00001d006090_T003,Chr.2,197869989,C,G,197869897,197870122,93,days to silk
Zm00001d006090,Zm00001d006090_T003,Chr.2,197870090,A,T,197869897,197870122,194,cob diameter
Zm00001d006090,Zm00001d006090_T003,Chr.2,197870113,T,C,197869897,197870122,217,spike length
Zm00001d006097,Zm00001d006097_T001,Chr.2,198119787,G,A,198119567,198119992,206,hundred grain weight
Zm00001d006097,Zm00001d006097_T001,Chr.2,198119787,G,A,198119592,198119917,131,hundred grain weight
Zm00001d006097,Zm00001d006097_T001,Chr.2,198119787,G,A,198119592,198119942,156,hundred grain weight
Zm00001d006097,Zm00001d006097_T001,Chr.2,198119787,G,A,198119617,198119917,131,hundred grain weight
Zm00001d006460,Zm00001d006460_T009,Chr.2,208884869,A,G,208884831,208884967,39,ear height
Zm00001d006460,Zm00001d006460_T009,Chr.2,208884935,G,A,208884831,208884967,105,ear height
Zm00001d006467,Zm00001d006467_T002,Chr.2,209135560,G,A,209135529,209135945,386,tassel primary branch number
Zm00001d006467,Zm00001d006467_T002,Chr.2,209135560,G,A,209135554,209135945,386,tassel primary branch number
Zm00001d006630,Zm00001d006630_T001,Chr.2,212958248,G,A,212957290,212958822,575,flowering time
Zm00001d006630,Zm00001d006630_T001,Chr.2,212958248,G,A,212957340,212958772,525,flowering time
Zm00001d006630,Zm00001d006630_T001,Chr.2,212958248,G,A,212957340,212958822,575,flowering time
Zm00001d006630,Zm00001d006630_T001,Chr.2,212958248,G,A,212957465,212958772,525,flowering time
Zm00001d006630,Zm00001d006630_T001,Chr.2,212958435,A,C,212957290,212958822,388,flowering time
Zm00001d006630,Zm00001d006630_T001,Chr.2,212958435,A,C,212957340,212958772,338,flowering time
Zm00001d006630,Zm00001d006630_T001,Chr.2,212958435,A,C,212957340,212958822,388,flowering time
Zm00001d006630,Zm00001d006630_T001,Chr.2,212958435,A,C,212957465,212958772,338,flowering time
Zm00001d007079,Zm00001d007079_T001,Chr.2,221782769,G,A,221782753,221782901,17,days to anthesis
Zm00001d007229,Zm00001d007229_T001,Chr.2,225213439,A,G,225213270,225213595,157,the coefficients of variation of days to anthesis
Zm00001d007514,Zm00001d007514_T002,Chr.2,233610718,G,A,233610410,233611025,309,total plant biomass(Root dry weight and Shoot dry weight added together)
Zm00001d007768,Zm00001d007768_T002,Chr.2,239285212,G,A,239284514,239285888,699,head smut resistance
Zm00001d007768,Zm00001d007768_T002,Chr.2,239285212,G,A,239284539,239285888,674,head smut resistance
Zm00001d007826,Zm00001d007826_T012,Chr.2,240375502,G,C,240375356,240376645,1144,ear height
Zm00001d007826,Zm00001d007826_T012,Chr.2,240375502,G,C,240375381,240376645,1144,ear height
Zm00001d007826,Zm00001d007826_T012,Chr.2,240375502,G,C,240375406,240376645,1144,ear height
Zm00001d039315,Zm00001d039315_T014,Chr.3,1541331,C,T,1541057,1541635,275,total tocopherol content
Zm00001d039315,Zm00001d039315_T014,Chr.3,1541331,C,T,1541057,1541685,275,total tocopherol content
Zm00001d039315,Zm00001d039315_T014,Chr.3,1541331,C,T,1541132,1541585,200,total tocopherol content
Zm00001d039373,Zm00001d039373_T001,Chr.3,2740415,T,G,2740177,2740887,239,plant height
Zm00001d039373,Zm00001d039373_T001,Chr.3,2740415,T,G,2740177,2740912,239,plant height
Zm00001d039373,Zm00001d039373_T001,Chr.3,2740415,T,G,2740177,2740937,239,plant height
Zm00001d039373,Zm00001d039373_T001,Chr.3,2740415,T,G,2740177,2740962,239,plant height
Zm00001d039439,Zm00001d039439_T003,Chr.3,4459959,C,G,4459558,4460023,65,stalk strength
Zm00001d039439,Zm00001d039439_T003,Chr.3,4459959,C,G,4459558,4460048,90,stalk strength
Zm00001d039739,Zm00001d039739_T001,Chr.3,13457539,T,C,13457480,13457805,267,plant height
Zm00001d039739,Zm00001d039739_T001,Chr.3,13457539,T,C,13457505,13457555,17,plant height
Zm00001d039902,Zm00001d039902_T001,Chr.3,18646435,G,A,18646369,18646469,67,ear height
Zm00001d039902,Zm00001d039902_T001,Chr.3,18646435,G,A,18646394,18646444,42,ear height
Zm00001d039902,Zm00001d039902_T001,Chr.3,18646435,G,A,18646392,18646467,33,ear height
Zm00001d039902,Zm00001d039902_T001,Chr.3,18646450,A,C,18646369,18646469,82,ear height
Zm00001d039902,Zm00001d039902_T001,Chr.3,18646450,A,C,18646392,18646467,18,ear height
Zm00001d040183,Zm00001d040183_T001,Chr.3,30979795,C,T,30979772,30980117,24,upper leaf angle
Zm00001d040183,Zm00001d040183_T001,Chr.3,30979904,C,T,30979772,30980117,133,anthesis-silking interval
Zm00001d040245,Zm00001d040245_T001,Chr.3,33490896,G,A,33490794,33491383,103,plant height
Zm00001d040741,Zm00001d040741_T003,Chr.3,61280707,A,C,61280555,61281005,153,kernel length
Zm00001d040741,Zm00001d040741_T003,Chr.3,61280707,A,C,61280580,61281030,128,kernel length
Zm00001d040741,Zm00001d040741_T003,Chr.3,61280707,A,C,61280580,61281055,128,kernel length
Zm00001d040741,Zm00001d040741_T003,Chr.3,61280707,A,C,61280705,61281005,3,kernel length
Zm00001d040741,Zm00001d040741_T003,Chr.3,61280707,A,C,61280705,61281055,3,kernel length
Zm00001d040741,Zm00001d040741_T003,Chr.3,61280770,C,T,61280555,61281005,216,kernel length
Zm00001d040741,Zm00001d040741_T003,Chr.3,61280770,C,T,61280580,61281030,191,kernel length
Zm00001d040741,Zm00001d040741_T003,Chr.3,61280770,C,T,61280580,61281055,191,kernel length
Zm00001d040741,Zm00001d040741_T003,Chr.3,61280770,C,T,61280705,61281005,66,kernel length
Zm00001d040741,Zm00001d040741_T003,Chr.3,61280770,C,T,61280705,61281055,66,kernel length
Zm00001d040741,Zm00001d040741_T003,Chr.3,61280806,T,C,61280555,61281005,252,kernel length
Zm00001d040741,Zm00001d040741_T003,Chr.3,61280806,T,C,61280580,61281030,227,kernel length
Zm00001d040741,Zm00001d040741_T003,Chr.3,61280806,T,C,61280580,61281055,227,kernel length
Zm00001d040741,Zm00001d040741_T003,Chr.3,61280806,T,C,61280705,61281005,102,kernel length
Zm00001d040741,Zm00001d040741_T003,Chr.3,61280806,T,C,61280705,61281055,102,kernel length
Zm00001d040741,Zm00001d040741_T003,Chr.3,61280807,G,A,61280555,61281005,253,kernel length
Zm00001d040741,Zm00001d040741_T003,Chr.3,61280807,G,A,61280580,61281030,228,kernel length
Zm00001d040741,Zm00001d040741_T003,Chr.3,61280807,G,A,61280580,61281055,228,kernel length
Zm00001d040741,Zm00001d040741_T003,Chr.3,61280807,G,A,61280705,61281005,103,kernel length
Zm00001d040741,Zm00001d040741_T003,Chr.3,61280807,G,A,61280705,61281055,103,kernel length
Zm00001d040741,Zm00001d040741_T003,Chr.3,61280884,T,G,61280555,61281005,330,kernel length
Zm00001d040741,Zm00001d040741_T003,Chr.3,61280884,T,G,61280580,61281030,305,kernel length
Zm00001d040741,Zm00001d040741_T003,Chr.3,61280884,T,G,61280580,61281055,305,kernel length
Zm00001d040741,Zm00001d040741_T003,Chr.3,61280884,T,G,61280705,61281005,180,kernel length
Zm00001d040741,Zm00001d040741_T003,Chr.3,61280884,T,G,61280705,61281055,180,kernel length
Zm00001d040741,Zm00001d040741_T003,Chr.3,61280889,T,C,61280555,61281005,335,kernel length
Zm00001d040741,Zm00001d040741_T003,Chr.3,61280889,T,C,61280580,61281030,310,kernel length
Zm00001d040741,Zm00001d040741_T003,Chr.3,61280889,T,C,61280580,61281055,310,kernel length
Zm00001d040741,Zm00001d040741_T003,Chr.3,61280889,T,C,61280705,61281005,185,kernel length
Zm00001d040741,Zm00001d040741_T003,Chr.3,61280889,T,C,61280705,61281055,185,kernel length
Zm00001d040741,Zm00001d040741_T003,Chr.3,61280890,T,A,61280555,61281005,336,kernel length
Zm00001d040741,Zm00001d040741_T003,Chr.3,61280890,T,A,61280580,61281030,311,kernel length
Zm00001d040741,Zm00001d040741_T003,Chr.3,61280890,T,A,61280580,61281055,311,kernel length
Zm00001d040741,Zm00001d040741_T003,Chr.3,61280890,T,A,61280705,61281005,186,kernel length
Zm00001d040741,Zm00001d040741_T003,Chr.3,61280890,T,A,61280705,61281055,186,kernel length
Zm00001d041595,Zm00001d041595_T001,Chr.3,129154985,G,A,129154901,129155251,85,grain weight per plant_LP tolerance index
Zm00001d041595,Zm00001d041595_T001,Chr.3,129154985,G,A,129154926,129155226,60,grain weight per plant_LP tolerance index
Zm00001d041595,Zm00001d041595_T001,Chr.3,129154985,G,A,129154926,129155251,60,grain weight per plant_LP tolerance index
Zm00001d041595,Zm00001d041595_T001,Chr.3,129154985,G,A,129154926,129155366,60,grain weight per plant_LP tolerance index
Zm00001d041595,Zm00001d041595_T001,Chr.3,129154985,G,A,129154951,129155366,35,grain weight per plant_LP tolerance index
Zm00001d041716,Zm00001d041716_T009,Chr.3,134770385,G,A,134770297,134770427,89,ear height
Zm00001d041716,Zm00001d041716_T009,Chr.3,134770385,G,A,134770297,134770477,89,ear height
Zm00001d041980,Zm00001d041980_T001,Chr.3,146473395,T,G,146472560,146473710,836,Crown Root Fresh weight
Zm00001d000624,Zm00001d000624_T001,Chr.3,146712896,T,C,146712718,146713117,179,ear height
Zm00001d000624,Zm00001d000624_T001,Chr.3,146712896,T,C,146712743,146713093,154,ear height
Zm00001d000624,Zm00001d000624_T001,Chr.3,146712896,T,C,146712743,146713117,154,ear height
Zm00001d042024,Zm00001d042024_T001,Chr.3,147722398,T,C,147721414,147722734,985,ear height
Zm00001d042024,Zm00001d042024_T001,Chr.3,147722398,T,C,147721708,147722734,691,ear height
Zm00001d042024,Zm00001d042024_T001,Chr.3,147722398,T,C,147721708,147722759,691,ear height
Zm00001d042024,Zm00001d042024_T001,Chr.3,147722398,T,C,147721733,147722734,666,ear height
Zm00001d042262,Zm00001d042262_T005,Chr.3,157886194,C,T,157886170,157887508,25,plant height
Zm00001d042268,Zm00001d042268_T001,Chr.3,158268301,G,T,158268236,158268361,61,plant height
Zm00001d042302,Zm00001d042302_T006,Chr.3,159928956,A,G,159928887,159929012,70,node count
Zm00001d042444,Zm00001d042444_T004,Chr.3,167658749,C,T,167658612,167659093,138,ear height
Zm00001d042444,Zm00001d042444_T004,Chr.3,167658749,C,T,167658612,167659118,138,ear height
Zm00001d042444,Zm00001d042444_T004,Chr.3,167658750,C,A,167658612,167659093,139,ear height
Zm00001d042444,Zm00001d042444_T004,Chr.3,167658750,C,A,167658612,167659118,139,ear height
Zm00001d042464,Zm00001d042464_T004,Chr.3,168531889,G,A,168531823,168532173,67,maize lethal necrosis disease resistance
Zm00001d042464,Zm00001d042464_T004,Chr.3,168531889,G,A,168531873,168532173,17,maize lethal necrosis disease resistance
Zm00001d042480,Zm00001d042480_T007,Chr.3,169059257,G,C,169059140,169059340,118,ear height
Zm00001d042729,Zm00001d042729_T001,Chr.3,178335377,T,A,178333848,178335408,32,ear height
Zm00001d042771,Zm00001d042771_T001,Chr.3,179265803,C,A,179265643,179266177,375,Primary Root Length
Zm00001d042771,Zm00001d042771_T001,Chr.3,179265803,C,A,179265668,179266177,375,Primary Root Length
Zm00001d042771,Zm00001d042771_T001,Chr.3,179265803,C,A,179265668,179266202,400,Primary Root Length
Zm00001d042771,Zm00001d042771_T001,Chr.3,179265829,T,A,179265643,179266177,349,Primary Root Length
Zm00001d042771,Zm00001d042771_T001,Chr.3,179265829,T,A,179265668,179266177,349,Primary Root Length
Zm00001d042771,Zm00001d042771_T001,Chr.3,179265829,T,A,179265668,179266202,374,Primary Root Length
Zm00001d000657,Zm00001d000657_T001,Chr.3,182064348,T,A,182064021,182064693,346,length of the branch zone
Zm00001d000657,Zm00001d000657_T001,Chr.3,182064348,T,A,182064096,182064693,346,length of the branch zone
Zm00001d000657,Zm00001d000657_T001,Chr.3,182064348,T,A,182064321,182064693,346,length of the branch zone
Zm00001d043060,Zm00001d043060_T001,Chr.3,187826764,A,G,187826587,187827103,178,ear height
Zm00001d043082,Zm00001d043082_T001,Chr.3,188687229,G,C,188687179,188687229,1,ear height
Zm00001d043263,Zm00001d043263_T007,Chr.3,193702601,G,A,193702454,193702629,148,Number of Seminal Root
Zm00001d043543,Zm00001d043543_T007,Chr.3,203444517,A,C,203444302,203444702,216,anthesis silking interval
Zm00001d043560,Zm00001d043560_T006,Chr.3,203821592,T,C,203821008,203821855,264,kernel number per row
Zm00001d043563,Zm00001d043563_T005,Chr.3,203951726,G,A,203951567,203952169,444,cob diameter
Zm00001d043563,Zm00001d043563_T005,Chr.3,203951726,G,A,203951567,203952194,469,cob diameter
Zm00001d043563,Zm00001d043563_T005,Chr.3,203951726,G,A,203951592,203952194,469,cob diameter
Zm00001d043736,Zm00001d043736_T004,Chr.3,208702444,A,T,208702384,208702769,326,tassel length
Zm00001d043851,Zm00001d043851_T002,Chr.3,212041770,T,C,212041215,212041805,556,stalk strength
Zm00001d043851,Zm00001d043851_T002,Chr.3,212041770,T,C,212041240,212041805,531,stalk strength
Zm00001d043851,Zm00001d043851_T002,Chr.3,212041770,T,C,212041265,212041780,506,stalk strength
Zm00001d043851,Zm00001d043851_T002,Chr.3,212041770,T,C,212041265,212041805,506,stalk strength
Zm00001d043851,Zm00001d043851_T002,Chr.3,212041770,T,C,212041430,212041805,341,stalk strength
Zm00001d044081,Zm00001d044081_T001,Chr.3,218481733,G,C,218481371,218481870,363,flowering time
Zm00001d044202,Zm00001d044202_T001,Chr.3,221806254,T,C,221806114,221806464,211,Kernel row number
Zm00001d044202,Zm00001d044202_T001,Chr.3,221806254,T,C,221806114,221806514,261,Kernel row number
Zm00001d044202,Zm00001d044202_T001,Chr.3,221806254,T,C,221806114,221806589,336,Kernel row number
Zm00001d044202,Zm00001d044202_T001,Chr.3,221806254,T,C,221806214,221806439,186,Kernel row number
Zm00001d048734,Zm00001d048734_T018,Chr.4,4484013,C,G,4483985,4484510,29,ear row number
Zm00001d048734,Zm00001d048734_T018,Chr.4,4484013,C,G,4484010,4484510,4,ear row number
Zm00001d048860,Zm00001d048860_T001,Chr.4,6571204,A,G,6570982,6571232,223,ear height
Zm00001d049096,Zm00001d049096_T001,Chr.4,15937091,G,A,15936950,15937450,142,Maize streak virus reaction
Zm00001d049096,Zm00001d049096_T001,Chr.4,15937091,G,A,15936950,15937475,142,Maize streak virus reaction
Zm00001d049096,Zm00001d049096_T001,Chr.4,15937091,G,A,15937000,15937450,92,Maize streak virus reaction
Zm00001d049096,Zm00001d049096_T001,Chr.4,15937091,G,A,15937000,15937475,92,Maize streak virus reaction
Zm00001d049096,Zm00001d049096_T001,Chr.4,15937091,G,A,15937075,15937250,17,Maize streak virus reaction
Zm00001d049695,Zm00001d049695_T001,Chr.4,40527766,C,T,40527566,40528158,201,plant height
Zm00001d049695,Zm00001d049695_T001,Chr.4,40527766,C,T,40527566,40528243,201,plant height
Zm00001d049695,Zm00001d049695_T001,Chr.4,40527766,C,T,40527591,40527883,176,plant height
Zm00001d049695,Zm00001d049695_T001,Chr.4,40527766,C,T,40527616,40528008,151,plant height
Zm00001d051230,Zm00001d051230_T001,Chr.4,149278456,G,A,149278219,149278819,364,acid detergent fiber
Zm00001d051230,Zm00001d051230_T001,Chr.4,149278456,G,A,149278219,149278869,414,acid detergent fiber
Zm00001d051230,Zm00001d051230_T001,Chr.4,149278456,G,A,149278269,149278819,364,acid detergent fiber
Zm00001d051230,Zm00001d051230_T001,Chr.4,149278456,G,A,149278344,149278819,364,acid detergent fiber
Zm00001d051230,Zm00001d051230_T001,Chr.4,149278474,A,G,149278219,149278819,346,acid detergent fiber
Zm00001d051230,Zm00001d051230_T001,Chr.4,149278474,A,G,149278219,149278869,396,acid detergent fiber
Zm00001d051230,Zm00001d051230_T001,Chr.4,149278474,A,G,149278269,149278819,346,acid detergent fiber
Zm00001d051230,Zm00001d051230_T001,Chr.4,149278474,A,G,149278344,149278719,246,acid detergent fiber
Zm00001d051230,Zm00001d051230_T001,Chr.4,149278474,A,G,149278344,149278819,346,acid detergent fiber
Zm00001d051230,Zm00001d051230_T001,Chr.4,149278476,A,C,149278219,149278819,344,acid detergent fiber
Zm00001d051230,Zm00001d051230_T001,Chr.4,149278476,A,C,149278219,149278869,394,acid detergent fiber
Zm00001d051230,Zm00001d051230_T001,Chr.4,149278476,A,C,149278269,149278819,344,acid detergent fiber
Zm00001d051230,Zm00001d051230_T001,Chr.4,149278476,A,C,149278344,149278719,244,acid detergent fiber
Zm00001d051230,Zm00001d051230_T001,Chr.4,149278476,A,C,149278344,149278819,344,acid detergent fiber
Zm00001d051230,Zm00001d051230_T001,Chr.4,149278526,T,A,149278219,149278819,294,acid detergent fiber
Zm00001d051230,Zm00001d051230_T001,Chr.4,149278526,T,A,149278219,149278869,344,acid detergent fiber
Zm00001d051230,Zm00001d051230_T001,Chr.4,149278526,T,A,149278269,149278819,294,acid detergent fiber
Zm00001d051230,Zm00001d051230_T001,Chr.4,149278526,T,A,149278344,149278719,194,acid detergent fiber
Zm00001d051230,Zm00001d051230_T001,Chr.4,149278526,T,A,149278344,149278819,294,acid detergent fiber
Zm00001d051230,Zm00001d051230_T001,Chr.4,149278644,C,A,149278219,149278819,176,acid detergent fiber
Zm00001d051230,Zm00001d051230_T001,Chr.4,149278644,C,A,149278219,149278869,226,acid detergent fiber
Zm00001d051230,Zm00001d051230_T001,Chr.4,149278644,C,A,149278269,149278819,176,acid detergent fiber
Zm00001d051230,Zm00001d051230_T001,Chr.4,149278644,C,A,149278344,149278719,76,acid detergent fiber
Zm00001d051230,Zm00001d051230_T001,Chr.4,149278644,C,A,149278344,149278819,176,acid detergent fiber
Zm00001d051230,Zm00001d051230_T001,Chr.4,149278658,C,T,149278219,149278819,162,acid detergent fiber
Zm00001d051230,Zm00001d051230_T001,Chr.4,149278658,C,T,149278219,149278869,212,acid detergent fiber
Zm00001d051230,Zm00001d051230_T001,Chr.4,149278658,C,T,149278269,149278819,162,acid detergent fiber
Zm00001d051230,Zm00001d051230_T001,Chr.4,149278658,C,T,149278344,149278719,62,acid detergent fiber
Zm00001d051230,Zm00001d051230_T001,Chr.4,149278658,C,T,149278344,149278819,162,acid detergent fiber
Zm00001d051230,Zm00001d051230_T001,Chr.4,149278674,C,T,149278219,149278819,146,acid detergent fiber
Zm00001d051230,Zm00001d051230_T001,Chr.4,149278674,C,T,149278219,149278869,196,acid detergent fiber
Zm00001d051230,Zm00001d051230_T001,Chr.4,149278674,C,T,149278269,149278819,146,acid detergent fiber
Zm00001d051230,Zm00001d051230_T001,Chr.4,149278674,C,T,149278344,149278719,46,acid detergent fiber
Zm00001d051230,Zm00001d051230_T001,Chr.4,149278674,C,T,149278344,149278819,146,acid detergent fiber
Zm00001d051230,Zm00001d051230_T001,Chr.4,149278710,T,C,149278219,149278819,110,acid detergent fiber
Zm00001d051230,Zm00001d051230_T001,Chr.4,149278710,T,C,149278219,149278869,160,acid detergent fiber
Zm00001d051230,Zm00001d051230_T001,Chr.4,149278710,T,C,149278269,149278819,110,acid detergent fiber
Zm00001d051230,Zm00001d051230_T001,Chr.4,149278710,T,C,149278344,149278719,10,acid detergent fiber
Zm00001d051230,Zm00001d051230_T001,Chr.4,149278710,T,C,149278344,149278819,110,acid detergent fiber
Zm00001d051230,Zm00001d051230_T001,Chr.4,149278816,C,T,149278219,149278819,4,acid detergent fiber
Zm00001d051230,Zm00001d051230_T001,Chr.4,149278816,C,T,149278219,149278869,54,acid detergent fiber
Zm00001d051230,Zm00001d051230_T001,Chr.4,149278816,C,T,149278269,149278819,4,acid detergent fiber
Zm00001d051230,Zm00001d051230_T001,Chr.4,149278816,C,T,149278344,149278819,4,acid detergent fiber
Zm00001d051230,Zm00001d051230_T001,Chr.4,149278837,C,A,149278219,149278869,33,acid detergent fiber
Zm00001d051251,Zm00001d051251_T003,Chr.4,150629584,T,A,150629499,150629901,86,tassel length
Zm00001d051316,Zm00001d051316_T005,Chr.4,153363691,C,T,153362816,153364206,516,ear height
Zm00001d051316,Zm00001d051316_T005,Chr.4,153363691,C,T,153362816,153364231,541,ear height
Zm00001d051316,Zm00001d051316_T005,Chr.4,153363691,C,T,153362941,153364206,516,ear height
Zm00001d051316,Zm00001d051316_T005,Chr.4,153363691,C,T,153363316,153363806,116,ear height
Zm00001d051316,Zm00001d051316_T005,Chr.4,153363691,C,T,153363316,153364181,491,ear height
Zm00001d051403,Zm00001d051403_T003,Chr.4,157205170,A,G,157204893,157205338,169,plant height
Zm00001d051543,Zm00001d051543_T001,Chr.4,162018626,T,C,162018485,162019010,385,days to silking
Zm00001d051543,Zm00001d051543_T001,Chr.4,162018626,T,C,162018485,162019035,410,days to silking
Zm00001d051543,Zm00001d051543_T001,Chr.4,162018626,T,C,162018535,162019010,385,days to silking
Zm00001d051543,Zm00001d051543_T001,Chr.4,162018626,T,C,162018535,162019035,410,days to silking
Zm00001d051543,Zm00001d051543_T001,Chr.4,162018626,T,C,162018610,162018810,185,days to silking
Zm00001d051808,Zm00001d051808_T003,Chr.4,170143192,A,G,170142799,170143299,108,Primary Root Fresh weight
Zm00001d051808,Zm00001d051808_T003,Chr.4,170143192,A,G,170142799,170143324,133,Primary Root Fresh weight
Zm00001d051808,Zm00001d051808_T003,Chr.4,170143192,A,G,170142799,170143349,158,Primary Root Fresh weight
Zm00001d052112,Zm00001d052112_T003,Chr.4,180149984,C,T,180149878,180150003,107,flowering time
Zm00001d052164,Zm00001d052164_T001,Chr.4,181550018,T,A,181549979,181550714,40,lead content trait
Zm00001d052164,Zm00001d052164_T001,Chr.4,181550018,T,A,181550004,181550689,15,lead content trait
Zm00001d052364,Zm00001d052364_T001,Chr.4,188299774,A,T,188299443,188299799,332,ear height
Zm00001d052364,Zm00001d052364_T001,Chr.4,188299774,A,T,188299456,188299806,33,ear height
Zm00001d052378,Zm00001d052378_T001,Chr.4,188624290,A,C,188624227,188624502,213,tassel primary branch number
Zm00001d052678,Zm00001d052678_T001,Chr.4,197048390,A,G,197048323,197048484,95,grain yield
Zm00001d052678,Zm00001d052678_T001,Chr.4,197048390,A,G,197048323,197048509,120,grain yield
Zm00001d052910,Zm00001d052910_T001,Chr.4,204480902,G,A,204480763,204481413,512,ear row number
Zm00001d052910,Zm00001d052910_T001,Chr.4,204480902,G,A,204480888,204481413,512,ear row number
Zm00001d053545,Zm00001d053545_T005,Chr.4,233607803,C,T,233607201,233607821,603,Late leaf area
Zm00001d053545,Zm00001d053545_T005,Chr.4,233607803,C,T,233607226,233607821,578,Late leaf area
Zm00001d053545,Zm00001d053545_T005,Chr.4,233607803,C,T,233607251,233607821,553,Late leaf area
Zm00001d053591,Zm00001d053591_T001,Chr.4,235612936,A,G,235612470,235613601,666,Shoot water content
Zm00001d053591,Zm00001d053591_T001,Chr.4,235612936,A,G,235612470,235613626,691,Shoot water content
Zm00001d053613,Zm00001d053613_T005,Chr.4,236483873,T,C,236483819,236483944,72,plant height
Zm00001d053613,Zm00001d053613_T005,Chr.4,236483873,T,C,236483819,236483994,122,plant height
Zm00001d053702,Zm00001d053702_T014,Chr.4,239556480,G,T,239556337,239556537,144,node count
Zm00001d053874,Zm00001d053874_T003,Chr.4,242697083,C,A,242696854,242697179,230,spike length
Zm00001d053874,Zm00001d053874_T003,Chr.4,242697083,C,A,242696854,242697204,230,spike length
Zm00001d053874,Zm00001d053874_T003,Chr.4,242697083,C,A,242696879,242697254,205,spike length
Zm00001d053874,Zm00001d053874_T003,Chr.4,242697083,C,A,242696904,242697129,180,spike length
Zm00001d053874,Zm00001d053874_T003,Chr.4,242697117,A,G,242696854,242697179,264,spike length
Zm00001d053874,Zm00001d053874_T003,Chr.4,242697117,A,G,242696854,242697204,264,spike length
Zm00001d053874,Zm00001d053874_T003,Chr.4,242697117,A,G,242696879,242697254,239,spike length
Zm00001d053874,Zm00001d053874_T003,Chr.4,242697117,A,G,242696904,242697129,214,spike length
Zm00001d012933,Zm00001d012933_T001,Chr.5,2195091,C,T,2194999,2195199,93,days to silk
Zm00001d012933,Zm00001d012933_T001,Chr.5,2195091,C,T,2194999,2195274,93,days to silk
Zm00001d013031,Zm00001d013031_T001,Chr.5,3487199,T,C,3486305,3487556,358,anthesis silking interval
Zm00001d013031,Zm00001d013031_T001,Chr.5,3487199,T,C,3486355,3487556,358,anthesis silking interval
Zm00001d013181,Zm00001d013181_T001,Chr.5,6080954,C,A,6080868,6081243,290,cob diameter
Zm00001d013181,Zm00001d013181_T001,Chr.5,6080954,C,A,6080868,6081368,415,cob diameter
Zm00001d013181,Zm00001d013181_T001,Chr.5,6080954,C,A,6080868,6081443,490,cob diameter
Zm00001d013181,Zm00001d013181_T001,Chr.5,6080954,C,A,6080893,6081443,490,cob diameter
ENSRNA049463630,ENSRNA049463630-T1,Chr.5,7141686,G,C,7141161,7142415,730,node count
ENSRNA049463630,ENSRNA049463630-T1,Chr.5,7141686,G,C,7141186,7142365,680,node count
ENSRNA049463630,ENSRNA049463630-T1,Chr.5,7141686,G,C,7141186,7142440,755,node count
Zm00001d013274,Zm00001d013274_T045,Chr.5,7548888,G,A,7548470,7549156,269,node count
Zm00001d013274,Zm00001d013274_T045,Chr.5,7548888,G,A,7548495,7549156,269,node count
Zm00001d013302,Zm00001d013302_T005,Chr.5,8067674,C,A,8067083,8067883,210,Water use
Zm00001d013302,Zm00001d013302_T005,Chr.5,8067674,C,A,8067133,8067883,210,Water use
Zm00001d013302,Zm00001d013302_T005,Chr.5,8067674,C,A,8067183,8067883,210,Water use
Zm00001d013302,Zm00001d013302_T005,Chr.5,8067674,C,A,8067208,8067883,210,Water use
Zm00001d013302,Zm00001d013302_T005,Chr.5,8067674,C,A,8067483,8067883,210,Water use
Zm00001d013469,Zm00001d013469_T006,Chr.5,12354791,A,C,12354749,12355089,43,kernel number per row
Zm00001d013470,Zm00001d013470_T011,Chr.5,12371660,T,C,12371414,12371889,230,the husk thickness
Zm00001d013470,Zm00001d013470_T011,Chr.5,12371660,T,C,12371439,12371814,155,the husk thickness
Zm00001d013470,Zm00001d013470_T011,Chr.5,12371660,T,C,12371439,12371864,205,the husk thickness
Zm00001d013470,Zm00001d013470_T011,Chr.5,12371660,T,C,12371439,12371889,230,the husk thickness
Zm00001d013470,Zm00001d013470_T011,Chr.5,12371660,T,C,12371614,12371764,105,the husk thickness
Zm00001d013498,Zm00001d013498_T001,Chr.5,12806994,T,C,12805707,12807285,292,cob diameter
Zm00001d013642,Zm00001d013642_T001,Chr.5,16101671,T,C,16101644,16101844,28,Late leaf area
Zm00001d013642,Zm00001d013642_T001,Chr.5,16101671,T,C,16101644,16101869,28,Late leaf area
Zm00001d013653,Zm00001d013653_T001,Chr.5,16257707,T,G,16256282,16257712,1426,phaseic acid content
Zm00001d013891,Zm00001d013891_T066,Chr.5,24008323,A,G,24008293,24008418,31,flowering time
Zm00001d013891,Zm00001d013891_T066,Chr.5,24008323,A,G,24008293,24008468,31,flowering time
Zm00001d014304,Zm00001d014304_T002,Chr.5,40361323,T,C,40361254,40362630,70,plant height
Zm00001d014304,Zm00001d014304_T002,Chr.5,40361323,T,C,40361279,40362680,45,plant height
Zm00001d014304,Zm00001d014304_T002,Chr.5,40361323,T,C,40361279,40362730,45,plant height
Zm00001d014304,Zm00001d014304_T002,Chr.5,40361323,T,C,40361304,40362630,20,plant height
Zm00001d014304,Zm00001d014304_T002,Chr.5,40361323,T,C,40361304,40362655,20,plant height
Zm00001d015065,Zm00001d015065_T001,Chr.5,73929866,C,T,73929572,73930609,744,grain yield
Zm00001d015065,Zm00001d015065_T001,Chr.5,73929866,C,T,73929572,73930634,769,grain yield
Zm00001d016311,Zm00001d016311_T007,Chr.5,156653470,A,C,156653290,156653490,21,network area
Zm00001d016459,Zm00001d016459_T001,Chr.5,163057815,C,T,163057606,163057956,210,root dry weight treatment/root dry weight control(RRDW)
Zm00001d016459,Zm00001d016459_T001,Chr.5,163057815,C,T,163057631,163057906,185,root dry weight treatment/root dry weight control(RRDW)
Zm00001d016459,Zm00001d016459_T001,Chr.5,163057815,C,T,163057631,163057956,185,root dry weight treatment/root dry weight control(RRDW)
Zm00001d016459,Zm00001d016459_T001,Chr.5,163057815,C,T,163057656,163057956,160,root dry weight treatment/root dry weight control(RRDW)
Zm00001d016475,Zm00001d016475_T001,Chr.5,163826903,T,C,163826846,163827371,469,ear height
Zm00001d016475,Zm00001d016475_T001,Chr.5,163826903,T,C,163826846,163827396,494,ear height
Zm00001d016836,Zm00001d016836_T005,Chr.5,177824254,T,G,177823354,177824254,1,Fusarium ear rot resistance
Zm00001d016836,Zm00001d016836_T005,Chr.5,177824254,T,G,177823354,177824354,101,Fusarium ear rot resistance
Zm00001d016855,Zm00001d016855_T001,Chr.5,178394207,T,C,178393754,178394254,454,Late fresh biomass
Zm00001d016855,Zm00001d016855_T001,Chr.5,178394207,T,C,178393754,178394329,454,Late fresh biomass
Zm00001d016855,Zm00001d016855_T001,Chr.5,178394207,T,C,178393804,178394254,404,Late fresh biomass
Zm00001d016855,Zm00001d016855_T001,Chr.5,178394207,T,C,178393804,178394329,404,Late fresh biomass
Zm00001d017553,Zm00001d017553_T001,Chr.5,199395248,A,G,199395136,199395311,113,Late fresh biomass
Zm00001d017700,Zm00001d017700_T025,Chr.5,204561650,A,G,204561452,204561727,199,node count
Zm00001d017700,Zm00001d017700_T025,Chr.5,204561650,A,G,204561477,204561923,174,node count
Zm00001d017748,Zm00001d017748_T001,Chr.5,205853302,C,G,205853226,205853476,77,伪-tocopherol content
Zm00001d017748,Zm00001d017748_T001,Chr.5,205853302,C,G,205853251,205853326,52,伪-tocopherol content
Zm00001d017748,Zm00001d017748_T001,Chr.5,205853302,C,G,205853251,205853476,52,伪-tocopherol content
Zm00001d017748,Zm00001d017748_T001,Chr.5,205853340,A,G,205853226,205853476,115,伪-tocopherol content
Zm00001d017748,Zm00001d017748_T001,Chr.5,205853340,A,G,205853251,205853476,90,伪-tocopherol content
Zm00001d017748,Zm00001d017748_T001,Chr.5,205853341,C,T,205853226,205853476,116,伪-tocopherol content
Zm00001d017748,Zm00001d017748_T001,Chr.5,205853341,C,T,205853251,205853476,91,伪-tocopherol content
Zm00001d017748,Zm00001d017748_T001,Chr.5,205853382,T,G,205853226,205853476,157,伪-tocopherol content
Zm00001d017748,Zm00001d017748_T001,Chr.5,205853382,T,G,205853251,205853476,132,伪-tocopherol content
Zm00001d017748,Zm00001d017748_T001,Chr.5,205853382,T,G,205853351,205853401,32,伪-tocopherol content
Zm00001d017748,Zm00001d017748_T001,Chr.5,205853382,T,G,205853351,205853476,32,伪-tocopherol content
Zm00001d017748,Zm00001d017748_T001,Chr.5,205853448,T,G,205853226,205853476,223,伪-tocopherol content
Zm00001d017748,Zm00001d017748_T001,Chr.5,205853448,T,G,205853251,205853476,198,伪-tocopherol content
Zm00001d017748,Zm00001d017748_T001,Chr.5,205853448,T,G,205853351,205853476,98,伪-tocopherol content
Zm00001d017752,Zm00001d017752_T001,Chr.5,205893693,A,G,205893627,205894027,67,伪-tocopherol content
Zm00001d017752,Zm00001d017752_T001,Chr.5,205893693,A,G,205893677,205894002,17,伪-tocopherol content
Zm00001d017752,Zm00001d017752_T001,Chr.5,205893716,T,C,205893627,205894027,90,伪-tocopherol content
Zm00001d017752,Zm00001d017752_T001,Chr.5,205893716,T,C,205893677,205894002,40,伪-tocopherol content
Zm00001d017752,Zm00001d017752_T001,Chr.5,205893791,A,C,205893627,205894027,165,伪-tocopherol content
Zm00001d017752,Zm00001d017752_T001,Chr.5,205893791,A,C,205893677,205894002,115,伪-tocopherol content
Zm00001d017752,Zm00001d017752_T001,Chr.5,205893791,A,C,205893752,205893927,40,伪-tocopherol content
Zm00001d017752,Zm00001d017752_T001,Chr.5,205893803,T,C,205893627,205894027,177,伪/纬 ratio
Zm00001d017752,Zm00001d017752_T001,Chr.5,205893803,T,C,205893677,205894002,127,伪/纬 ratio
Zm00001d017752,Zm00001d017752_T001,Chr.5,205893803,T,C,205893752,205893927,52,伪/纬 ratio
Zm00001d017752,Zm00001d017752_T001,Chr.5,205893821,G,C,205893627,205894027,195,伪-tocopherol content
Zm00001d017752,Zm00001d017752_T001,Chr.5,205893821,G,C,205893677,205894002,145,伪-tocopherol content
Zm00001d017752,Zm00001d017752_T001,Chr.5,205893821,G,C,205893752,205893927,70,伪-tocopherol content
Zm00001d017752,Zm00001d017752_T001,Chr.5,205893821,G,C,205893708,205893883,63,伪-tocopherol content
Zm00001d017752,Zm00001d017752_T001,Chr.5,205893925,G,T,205893627,205894027,299,伪-tocopherol content
Zm00001d017752,Zm00001d017752_T001,Chr.5,205893925,G,T,205893677,205894002,249,伪-tocopherol content
Zm00001d017752,Zm00001d017752_T001,Chr.5,205893925,G,T,205893752,205893927,174,伪-tocopherol content
Zm00001d017766,Zm00001d017766_T001,Chr.5,206198298,C,T,206198168,206198743,131,伪-tocopherol content
Zm00001d017766,Zm00001d017766_T001,Chr.5,206198298,C,T,206198218,206198743,81,伪-tocopherol content
Zm00001d017766,Zm00001d017766_T001,Chr.5,206198298,C,T,206198243,206198743,56,伪-tocopherol content
Zm00001d017769,Zm00001d017769_T003,Chr.5,206298999,T,C,206298961,206299211,39,伪-tocopherol content
Zm00001d017769,Zm00001d017769_T003,Chr.5,206299016,T,C,206298961,206299211,56,伪-tocopherol content
Zm00001d017772,Zm00001d017772_T003,Chr.5,206352962,G,A,206352813,206353137,150,伪-tocopherol content
Zm00001d017772,Zm00001d017772_T003,Chr.5,206353003,C,G,206352813,206353137,191,伪-tocopherol content
Zm00001d017772,Zm00001d017772_T003,Chr.5,206353015,A,T,206352813,206353137,203,伪-tocopherol content
Zm00001d017953,Zm00001d017953_T006,Chr.5,210786782,C,A,210786567,210787131,216,tassel length
Zm00001d018258,Zm00001d018258_T014,Chr.5,217540544,T,C,217540267,217541727,1184,grain number per row
Zm00001d018259,Zm00001d018259_T001,Chr.5,217540672,C,T,217540267,217541727,1056,node count
Zm00001d018286,Zm00001d018286_T003,Chr.5,217939871,A,G,217939476,217939976,396,伪/纬 ratio
Zm00001d018286,Zm00001d018286_T003,Chr.5,217939871,A,G,217939501,217939951,371,伪/纬 ratio
Zm00001d018286,Zm00001d018286_T003,Chr.5,217939871,A,G,217939501,217939976,371,伪/纬 ratio
Zm00001d018286,Zm00001d018286_T003,Chr.5,217939871,A,G,217939526,217940001,346,伪/纬 ratio
Zm00001d035184,Zm00001d035184_T001,Chr.6,8536237,T,C,8536101,8536326,90,Kernel row number
Zm00001d035454,Zm00001d035454_T001,Chr.6,26666067,C,G,26666067,26666660,1,plant height
Zm00001d036233,Zm00001d036233_T002,Chr.6,78381399,G,T,78380712,78381835,688,acid detergent fiber
Zm00001d036233,Zm00001d036233_T002,Chr.6,78381399,G,T,78380712,78381860,688,acid detergent fiber
Zm00001d036233,Zm00001d036233_T002,Chr.6,78381399,G,T,78381323,78381860,77,acid detergent fiber
Zm00001d036423,Zm00001d036423_T001,Chr.6,87796673,A,G,87796550,87796700,124,Corn Earworm Resistance
Zm00001d036423,Zm00001d036423_T001,Chr.6,87796673,A,G,87796550,87796725,124,Corn Earworm Resistance
Zm00001d036740,Zm00001d036740_T001,Chr.6,99521675,G,T,99521659,99521809,135,flowering time
Zm00001d036951,Zm00001d036951_T001,Chr.6,107195478,C,G,107195392,107195492,87,total dry weight treatment/total dry weight control(RTDW)
Zm00001d036951,Zm00001d036951_T001,Chr.6,107195478,C,G,107195392,107195517,87,total dry weight treatment/total dry weight control(RTDW)
Zm00001d037079,Zm00001d037079_T001,Chr.6,111621968,A,C,111621946,111623398,23,water content of shoots and leaves
Zm00001d037211,Zm00001d037211_T001,Chr.6,115984227,G,C,115984154,115984629,74,in vitro dry matter digestibility
Zm00001d037279,Zm00001d037279_T014,Chr.6,119264033,G,A,119263515,119264035,519,plant height
Zm00001d037354,Zm00001d037354_T004,Chr.6,122606699,A,T,122605871,122607304,829,days to anthesis
Zm00001d037453,Zm00001d037453_T006,Chr.6,125872221,A,T,125872174,125872274,48,ear length
Zm00001d037453,Zm00001d037453_T006,Chr.6,125872221,A,T,125872174,125872299,48,ear length
Zm00001d037911,Zm00001d037911_T010,Chr.6,141755561,A,T,141755489,141755756,73,flowering time
Zm00001d037911,Zm00001d037911_T010,Chr.6,141755561,A,T,141755514,141755756,48,flowering time
Zm00001d038047,Zm00001d038047_T001,Chr.6,146026659,C,G,146026276,146027781,384,plant height
Zm00001d038047,Zm00001d038047_T001,Chr.6,146026659,C,G,146026301,146027781,359,plant height
Zm00001d038054,Zm00001d038054_T001,Chr.6,146525926,T,C,146525899,146526124,199,glucose content
Zm00001d038447,Zm00001d038447_T001,Chr.6,157415068,A,C,157415038,157415113,46,days to silk
Zm00001d038506,Zm00001d038506_T004,Chr.6,158825991,T,C,158825448,158826097,107,days to silk
Zm00001d038506,Zm00001d038506_T004,Chr.6,158825991,T,C,158825698,158826097,107,days to silk
Zm00001d038506,Zm00001d038506_T004,Chr.6,158825991,T,C,158825773,158826097,107,days to silk
Zm00001d038514,Zm00001d038514_T001,Chr.6,159020534,C,A,159020066,159020612,469,zeaxanthin
Zm00001d038514,Zm00001d038514_T001,Chr.6,159020534,C,A,159020066,159020637,469,zeaxanthin
Zm00001d038532,Zm00001d038532_T001,Chr.6,159381035,A,T,159380615,159381309,275,spike length
Zm00001d038791,Zm00001d038791_T001,Chr.6,164388823,A,G,164388784,164389509,40,Plant Height
Zm00001d038880,Zm00001d038880_T007,Chr.6,166314534,T,C,166314018,166314696,517,node count
Zm00001d038880,Zm00001d038880_T007,Chr.6,166314534,T,C,166314293,166314646,242,node count
Zm00001d038880,Zm00001d038880_T007,Chr.6,166314534,T,C,166314343,166314646,192,node count
Zm00001d038880,Zm00001d038880_T007,Chr.6,166314534,T,C,166314368,166314646,167,node count
Zm00001d038999,Zm00001d038999_T002,Chr.6,168510237,A,C,168510004,168510279,234,length of the branch zone
Zm00001d039039,Zm00001d039039_T007,Chr.6,169029654,A,C,169029567,169029767,114,days to anthesis
Zm00001d039039,Zm00001d039039_T007,Chr.6,169029654,A,C,169029592,169029742,89,days to anthesis
Zm00001d039039,Zm00001d039039_T007,Chr.6,169029654,A,C,169029592,169029767,114,days to anthesis
Zm00001d039039,Zm00001d039039_T007,Chr.6,169029654,A,C,169029617,169029767,114,days to anthesis
Zm00001d039046,Zm00001d039046_T024,Chr.6,169230226,T,A,169230148,169230448,79,in vitro dry matter digestibility
Zm00001d039046,Zm00001d039046_T024,Chr.6,169230226,T,A,169230173,169230423,54,in vitro dry matter digestibility
Zm00001d039089,Zm00001d039089_T002,Chr.6,169788780,A,G,169788629,169789367,588,whole鈥恜lant stomatal conductance
Zm00001d018794,Zm00001d018794_T001,Chr.7,5354476,A,G,5354450,5354525,50,head smut resistance
Zm00001d019124,Zm00001d019124_T006,Chr.7,18111390,A,G,18110366,18111420,1025,Corn Earworm Resistance
Zm00001d019306,Zm00001d019306_T002,Chr.7,26939783,A,C,26939568,26939993,216,plant height
Zm00001d019306,Zm00001d019306_T002,Chr.7,26939783,A,C,26939643,26939993,141,plant height
Zm00001d019306,Zm00001d019306_T002,Chr.7,26939783,A,C,26939668,26939993,116,plant height
Zm00001d019306,Zm00001d019306_T002,Chr.7,26939783,A,C,26939693,26939993,91,plant height
Zm00001d020337,Zm00001d020337_T001,Chr.7,107216153,C,G,107216093,107216193,61,days to silking
Zm00001d020337,Zm00001d020337_T001,Chr.7,107216153,C,G,107216093,107216243,61,days to silking
Zm00001d020337,Zm00001d020337_T001,Chr.7,107216153,C,G,107216093,107216443,61,days to silking
Zm00001d020337,Zm00001d020337_T001,Chr.7,107216153,C,G,107216118,107216243,36,days to silking
Zm00001d020337,Zm00001d020337_T001,Chr.7,107216186,C,T,107216093,107216193,94,days to anthesis
Zm00001d020337,Zm00001d020337_T001,Chr.7,107216186,C,T,107216093,107216243,94,days to anthesis
Zm00001d020337,Zm00001d020337_T001,Chr.7,107216186,C,T,107216093,107216443,94,days to anthesis
Zm00001d020337,Zm00001d020337_T001,Chr.7,107216186,C,T,107216118,107216243,69,days to anthesis
Zm00001d020343,Zm00001d020343_T005,Chr.7,107894728,A,G,107894635,107895098,94,Late leaf area
Zm00001d020343,Zm00001d020343_T005,Chr.7,107894728,A,G,107894660,107895098,69,Late leaf area
Zm00001d020364,Zm00001d020364_T001,Chr.7,109508980,C,A,109508602,109509027,379,anthesis-silking interval
Zm00001d020364,Zm00001d020364_T001,Chr.7,109508980,C,A,109508677,109509027,304,anthesis-silking interval
Zm00001d020364,Zm00001d020364_T001,Chr.7,109508980,C,A,109508827,109509027,154,anthesis-silking interval
Zm00001d020463,Zm00001d020463_T002,Chr.7,116464932,C,G,116464903,116465303,30,haploid male fertility
Zm00001d020463,Zm00001d020463_T002,Chr.7,116464932,C,G,116464928,116465303,5,haploid male fertility
Zm00001d020511,Zm00001d020511_T001,Chr.7,119796454,G,T,119795865,119797087,590,flowering time
Zm00001d020511,Zm00001d020511_T001,Chr.7,119796454,G,T,119795890,119797087,565,flowering time
Zm00001d020515,Zm00001d020515_T003,Chr.7,119936218,G,A,119936104,119936354,137,lead content trait
Zm00001d020515,Zm00001d020515_T003,Chr.7,119936218,G,A,119936154,119936404,187,lead content trait
Zm00001d020515,Zm00001d020515_T003,Chr.7,119936234,C,T,119936104,119936354,121,lead content trait
Zm00001d020515,Zm00001d020515_T003,Chr.7,119936234,C,T,119936154,119936404,171,lead content trait
Zm00001d020515,Zm00001d020515_T003,Chr.7,119936301,T,C,119936029,119936354,54,lead content trait
Zm00001d020515,Zm00001d020515_T003,Chr.7,119936301,T,C,119936104,119936354,54,lead content trait
Zm00001d020515,Zm00001d020515_T003,Chr.7,119936301,T,C,119936154,119936404,104,lead content trait
Zm00001d020965,Zm00001d020965_T017,Chr.7,138122361,C,T,138121814,138122506,548,node count
Zm00001d020965,Zm00001d020965_T017,Chr.7,138122361,C,T,138121864,138122606,498,node count
Zm00001d020965,Zm00001d020965_T017,Chr.7,138122361,C,T,138121889,138122581,473,node count
Zm00001d020965,Zm00001d020965_T017,Chr.7,138122361,C,T,138121889,138122606,473,node count
Zm00001d021018,Zm00001d021018_T007,Chr.7,140507517,T,A,140506904,140507647,614,ear height
Zm00001d021236,Zm00001d021236_T007,Chr.7,146663222,T,C,146663020,146663471,250,ear height
Zm00001d021236,Zm00001d021236_T007,Chr.7,146663222,T,C,146663045,146663471,250,ear height
Zm00001d021236,Zm00001d021236_T007,Chr.7,146663222,T,C,146663045,146663496,275,ear height
Zm00001d021521,Zm00001d021521_T001,Chr.7,155091225,T,A,155090287,155091270,939,plant height
Zm00001d021600,Zm00001d021600_T008,Chr.7,157796478,T,C,157796463,157796613,16,plant survival rate under drought stress
Zm00001d021600,Zm00001d021600_T008,Chr.7,157796478,T,C,157796463,157796638,16,plant survival rate under drought stress
Zm00001d021643,Zm00001d021643_T001,Chr.7,158945134,C,G,158945002,158945277,133,plant height
Zm00001d021643,Zm00001d021643_T001,Chr.7,158945134,C,G,158945077,158945277,58,plant height
Zm00001d021643,Zm00001d021643_T001,Chr.7,158945134,C,G,158945102,158945277,33,plant height
Zm00001d021929,Zm00001d021929_T001,Chr.7,166018149,A,G,166017783,166018183,35,Median
Zm00001d021929,Zm00001d021929_T001,Chr.7,166018149,A,G,166018058,166018183,35,Median
Zm00001d021955,Zm00001d021955_T002,Chr.7,167050851,G,T,167050685,167051470,167,plant height
Zm00001d021955,Zm00001d021955_T002,Chr.7,167050932,C,T,167050685,167051470,248,plant height
Zm00001d022314,Zm00001d022314_T001,Chr.7,175011662,A,T,175011609,175011797,136,Corn Earworm Resistance
Zm00001d022314,Zm00001d022314_T001,Chr.7,175011662,A,T,175011609,175011822,161,Corn Earworm Resistance
Zm00001d022538,Zm00001d022538_T001,Chr.7,179681175,A,G,179681145,179681270,31,stalk strength
Zm00001d022618,Zm00001d022618_T001,Chr.7,181186095,C,G,181186089,181186189,7,ear height
Zm00001d008281,Zm00001d008281_T001,Chr.8,3860008,G,A,3859908,3860183,101,the score of resistance to Aspergillus flavus infection
Zm00001d007988,Zm00001d007988_T001,Chr.8,5860056,A,G,5859655,5860199,402,flowering time
Zm00001d007988,Zm00001d007988_T001,Chr.8,5860056,A,G,5859680,5860199,377,flowering time
Zm00001d008500,Zm00001d008500_T001,Chr.8,10485624,G,A,10485506,10485706,83,hundred grain weight
Zm00001d008500,Zm00001d008500_T001,Chr.8,10485624,G,A,10485506,10485731,108,hundred grain weight
Zm00001d008500,Zm00001d008500_T001,Chr.8,10485624,G,A,10485531,10485731,108,hundred grain weight
Zm00001d008752,Zm00001d008752_T001,Chr.8,19000075,A,C,19000012,19000237,163,ear row number
Zm00001d008752,Zm00001d008752_T001,Chr.8,19000075,A,C,19000012,19000462,388,ear row number
Zm00001d008752,Zm00001d008752_T001,Chr.8,19000075,A,C,19000062,19000237,163,ear row number
Zm00001d008752,Zm00001d008752_T001,Chr.8,19000075,A,C,19000062,19000287,213,ear row number
Zm00001d008789,Zm00001d008789_T005,Chr.8,20247824,T,A,20247807,20248132,309,Gray Leaf Spot resistance
Zm00001d008789,Zm00001d008789_T005,Chr.8,20247824,T,A,20247807,20248182,359,Gray Leaf Spot resistance
Zm00001d008789,Zm00001d008789_T005,Chr.8,20247824,T,A,20247807,20248207,384,Gray Leaf Spot resistance
Zm00001d009513,Zm00001d009513_T001,Chr.8,68445242,G,C,68444865,68445265,24,Fe
Zm00001d009688,Zm00001d009688_T001,Chr.8,75939124,A,G,75938839,75939289,166,Median
Zm00001d009688,Zm00001d009688_T001,Chr.8,75939124,A,G,75938839,75939314,191,Median
Zm00001d009688,Zm00001d009688_T001,Chr.8,75939124,A,G,75938839,75939339,216,Median
Zm00001d009688,Zm00001d009688_T001,Chr.8,75939124,A,G,75938839,75939364,241,Median
Zm00001d009783,Zm00001d009783_T006,Chr.8,80843971,T,C,80843839,80843993,23,plant height
Zm00001d009783,Zm00001d009783_T006,Chr.8,80843971,T,C,80843864,80843993,23,plant height
Zm00001d009847,Zm00001d009847_T001,Chr.8,84851437,A,T,84850185,84851450,14,Tar Spot Complex Resistance
Zm00001d009912,Zm00001d009912_T004,Chr.8,89308769,T,G,89308581,89308955,189,days to silking
Zm00001d008054,Zm00001d008054_T001,Chr.8,92434570,T,G,92434521,92434646,50,plant height
Zm00001d010470,Zm00001d010470_T014,Chr.8,116795290,T,C,116795102,116795302,13,lead content trait
Zm00001d010693,Zm00001d010693_T001,Chr.8,124739761,G,A,124739714,124740064,48,flowering time
Zm00001d010946,Zm00001d010946_T005,Chr.8,134636973,T,C,134636828,134637103,146,flowering time
Zm00001d010946,Zm00001d010946_T005,Chr.8,134637046,T,C,134636828,134637103,219,flowering time
Zm00001d010971,Zm00001d010971_T001,Chr.8,135477251,A,G,135477174,135477349,78,flowering time
Zm00001d011697,Zm00001d011697_T001,Chr.8,159029336,C,T,159028131,159029505,170,Gray Leaf Spot resistance
Zm00001d011712,Zm00001d011712_T004,Chr.8,159492731,T,G,159492681,159493031,51,Root Biomass
Zm00001d011712,Zm00001d011712_T004,Chr.8,159492731,T,G,159492706,159493031,26,Root Biomass
Zm00001d011712,Zm00001d011712_T004,Chr.8,159492731,T,G,159492731,159493031,1,Root Biomass
Zm00001d011763,Zm00001d011763_T001,Chr.8,161021458,A,T,161020805,161021663,206,the coefficients of variation of days to silking
Zm00001d012024,Zm00001d012024_T001,Chr.8,166726703,T,C,166726663,166726813,111,hundred grain weight_LP tolerance index
Zm00001d012227,Zm00001d012227_T001,Chr.8,170454771,C,A,170454649,170454974,123,flowering time
Zm00001d012227,Zm00001d012227_T001,Chr.8,170454771,C,A,170454674,170454974,98,flowering time
Zm00001d012300,Zm00001d012300_T001,Chr.8,172073013,C,G,172072954,172073548,536,ear height
Zm00001d012300,Zm00001d012300_T001,Chr.8,172073013,C,G,172072954,172073573,561,ear height
Zm00001d012300,Zm00001d012300_T001,Chr.8,172073013,C,G,172072979,172073223,211,ear height
Zm00001d012525,Zm00001d012525_T098,Chr.8,176091731,T,C,176091692,176092066,40,Hg contents
Zm00001d012557,Zm00001d012557_T001,Chr.8,176583596,A,G,176583082,176584542,515,southern leaf blight (SLB) resistance
Zm00001d012557,Zm00001d012557_T001,Chr.8,176583596,A,G,176583107,176584542,490,southern leaf blight (SLB) resistance
Zm00001d012557,Zm00001d012557_T001,Chr.8,176583596,A,G,176583132,176584542,465,southern leaf blight (SLB) resistance
Zm00001d012667,Zm00001d012667_T024,Chr.8,178302529,T,C,178302508,178302883,355,stalk strength
Zm00001d012667,Zm00001d012667_T024,Chr.8,178302529,T,C,178302508,178303476,948,stalk strength
Zm00001d012677,Zm00001d012677_T013,Chr.8,178448970,C,A,178448514,178449273,304,branch number
Zm00001d012677,Zm00001d012677_T013,Chr.8,178448970,C,A,178448539,178449273,304,branch number
Zm00001d044874,Zm00001d044874_T001,Chr.9,6097182,C,G,6096934,6097209,249,ear row number
Zm00001d044874,Zm00001d044874_T001,Chr.9,6097182,C,G,6096934,6097259,249,ear row number
Zm00001d045106,Zm00001d045106_T003,Chr.9,12890934,C,T,12890871,12891668,64,leaf length
Zm00001d045106,Zm00001d045106_T003,Chr.9,12890934,C,T,12890921,12891668,14,leaf length
Zm00001d045146,Zm00001d045146_T004,Chr.9,14236419,C,A,14236310,14236710,292,Hg contents
Zm00001d045146,Zm00001d045146_T004,Chr.9,14236419,C,A,14236310,14236760,342,Hg contents
Zm00001d045146,Zm00001d045146_T004,Chr.9,14236469,C,G,14236310,14236710,242,Hg contents
Zm00001d045146,Zm00001d045146_T004,Chr.9,14236469,C,G,14236310,14236760,292,Hg contents
Zm00001d045146,Zm00001d045146_T004,Chr.9,14236477,C,T,14236310,14236710,234,Hg contents
Zm00001d045146,Zm00001d045146_T004,Chr.9,14236477,C,T,14236310,14236760,284,Hg contents
Zm00001d045146,Zm00001d045146_T004,Chr.9,14236582,A,G,14236310,14236710,129,Hg contents
Zm00001d045146,Zm00001d045146_T004,Chr.9,14236582,A,G,14236310,14236760,179,Hg contents
Zm00001d045146,Zm00001d045146_T004,Chr.9,14236736,T,A,14236310,14236760,25,Hg contents
Zm00001d045385,Zm00001d045385_T001,Chr.9,20250591,C,G,20249914,20250714,678,Late leaf area
Zm00001d045385,Zm00001d045385_T001,Chr.9,20250591,C,G,20249987,20250656,66,Late leaf area
Zm00001d045385,Zm00001d045385_T001,Chr.9,20250591,C,G,20250583,20250656,66,Late leaf area
Zm00001d045487,Zm00001d045487_T002,Chr.9,24296902,T,C,24296708,24297082,181,days to silking
Zm00001d045487,Zm00001d045487_T002,Chr.9,24296902,T,C,24296708,24297107,206,days to silking
Zm00001d045487,Zm00001d045487_T002,Chr.9,24296902,T,C,24296733,24297007,106,days to silking
Zm00001d045517,Zm00001d045517_T001,Chr.9,25249870,T,C,25249728,25249903,34,stem diameter
Zm00001d045552,Zm00001d045552_T001,Chr.9,26539292,T,A,26538739,26539390,554,the coefficients of variation of days to anthesis
Zm00001d045552,Zm00001d045552_T001,Chr.9,26539292,T,A,26538764,26539340,529,the coefficients of variation of days to anthesis
Zm00001d045552,Zm00001d045552_T001,Chr.9,26539292,T,A,26538789,26539340,504,the coefficients of variation of days to anthesis
Zm00001d045552,Zm00001d045552_T001,Chr.9,26539292,T,A,26538789,26539415,504,the coefficients of variation of days to anthesis
Zm00001d045552,Zm00001d045552_T001,Chr.9,26539292,T,A,26538990,26539340,303,the coefficients of variation of days to anthesis
Zm00001d045706,Zm00001d045706_T005,Chr.9,34509221,C,T,34509151,34509626,71,days to anthesis
Zm00001d045706,Zm00001d045706_T005,Chr.9,34509221,C,T,34509151,34509651,71,days to anthesis
Zm00001d045706,Zm00001d045706_T005,Chr.9,34509221,C,T,34509151,34509676,71,days to anthesis
Zm00001d045706,Zm00001d045706_T005,Chr.9,34509242,G,C,34509151,34509626,92,days to anthesis
Zm00001d045706,Zm00001d045706_T005,Chr.9,34509242,G,C,34509151,34509651,92,days to anthesis
Zm00001d045706,Zm00001d045706_T005,Chr.9,34509242,G,C,34509151,34509676,92,days to anthesis
Zm00001d045747,Zm00001d045747_T005,Chr.9,36931121,G,A,36930954,36931529,168,shoot apical meristem volume
Zm00001d045747,Zm00001d045747_T005,Chr.9,36931121,G,A,36930979,36931354,143,shoot apical meristem volume
Zm00001d045747,Zm00001d045747_T005,Chr.9,36931121,G,A,36931004,36931404,118,shoot apical meristem volume
Zm00001d045894,Zm00001d045894_T005,Chr.9,46159036,A,C,46157894,46159068,1143,days to silking
Zm00001d045894,Zm00001d045894_T005,Chr.9,46159036,A,C,46158971,46159068,66,days to silking
Zm00001d045896,Zm00001d045896_T001,Chr.9,46335078,C,T,46334867,46335142,65,tassel length
Zm00001d045948,Zm00001d045948_T004,Chr.9,49014751,C,T,49014199,49015294,553,node count
Zm00001d045948,Zm00001d045948_T004,Chr.9,49014751,C,T,49014335,49015269,417,node count
Zm00001d045948,Zm00001d045948_T004,Chr.9,49014751,C,T,49014335,49015319,417,node count
Zm00001d045948,Zm00001d045948_T004,Chr.9,49014751,C,T,49014360,49015294,392,node count
Zm00001d046601,Zm00001d046601_T012,Chr.9,98203592,A,G,98203425,98203975,168,plant survival rate under drought stress
Zm00001d046601,Zm00001d046601_T012,Chr.9,98203592,A,G,98203500,98203975,93,plant survival rate under drought stress
Zm00001d046601,Zm00001d046601_T012,Chr.9,98203592,A,G,98203525,98203975,68,plant survival rate under drought stress
Zm00001d046699,Zm00001d046699_T001,Chr.9,102859548,C,G,102858956,102859765,593,northern corn leaf blight
Zm00001d046699,Zm00001d046699_T001,Chr.9,102859548,C,G,102858981,102859765,568,northern corn leaf blight
Zm00001d046699,Zm00001d046699_T001,Chr.9,102859586,T,C,102858956,102859765,631,node count
Zm00001d046699,Zm00001d046699_T001,Chr.9,102859586,T,C,102858981,102859765,606,node count
Zm00001d046699,Zm00001d046699_T001,Chr.9,102859610,T,G,102858956,102859765,655,northern corn leaf blight
Zm00001d046699,Zm00001d046699_T001,Chr.9,102859610,T,G,102858981,102859765,630,northern corn leaf blight
Zm00001d047241,Zm00001d047241_T006,Chr.9,123686065,G,A,123685880,123686205,186,the coefficients of variation of days to silking
Zm00001d047241,Zm00001d047241_T006,Chr.9,123686065,G,A,123685905,123686180,161,the coefficients of variation of days to silking
Zm00001d047241,Zm00001d047241_T006,Chr.9,123686065,G,A,123685930,123686130,136,the coefficients of variation of days to silking
Zm00001d047245,Zm00001d047245_T002,Chr.9,123898470,G,A,123898377,123899637,94,plant height
Zm00001d047463,Zm00001d047463_T001,Chr.9,130905765,T,A,130904402,130905817,1364,flowering time
Zm00001d047479,Zm00001d047479_T009,Chr.9,131495771,T,C,131495173,131495918,148,hundred grain weight
Zm00001d047634,Zm00001d047634_T002,Chr.9,137664518,A,G,137663744,137664679,775,flowering time
Zm00001d047634,Zm00001d047634_T002,Chr.9,137664518,A,G,137663769,137664679,750,flowering time
Zm00001d047634,Zm00001d047634_T002,Chr.9,137664518,A,G,137664504,137664679,15,flowering time
Zm00001d047689,Zm00001d047689_T003,Chr.9,139363893,T,C,139363841,139363916,53,plant height
Zm00001d047689,Zm00001d047689_T003,Chr.9,139363893,T,C,139363841,139363941,53,plant height
Zm00001d047701,Zm00001d047701_T001,Chr.9,139519223,C,G,139519049,139519492,175,node count
Zm00001d047707,Zm00001d047707_T003,Chr.9,139669763,A,C,139669682,139670374,612,plant height
Zm00001d047736,Zm00001d047736_T001,Chr.9,140321732,A,G,140321513,140321873,220,plant height
Zm00001d047736,Zm00001d047736_T001,Chr.9,140321786,T,TT,140321513,140321873,274,plant height
Zm00001d048142,Zm00001d048142_T001,Chr.9,150751338,C,T,150751082,150751407,70,tassel primary branch number
Zm00001d048317,Zm00001d048317_T001,Chr.9,154459688,C,G,154459655,154459780,34,ear height
Zm00001d048317,Zm00001d048317_T001,Chr.9,154459688,C,G,154459655,154459805,34,ear height
Zm00001d048317,Zm00001d048317_T001,Chr.9,154459688,C,G,154459680,154459805,9,ear height
Zm00001d048344,Zm00001d048344_T003,Chr.9,154805742,C,G,154805573,154805748,170,cob diameter
Zm00001d048344,Zm00001d048344_T003,Chr.9,154805742,C,G,154805648,154805748,95,cob diameter
Zm00001d048344,Zm00001d048344_T003,Chr.9,154805742,C,G,154805673,154805748,70,cob diameter
Zm00001d048460,Zm00001d048460_T005,Chr.9,156723476,G,A,156723117,156723899,360,plant height
Zm00001d048460,Zm00001d048460_T005,Chr.9,156723476,G,A,156723117,156723949,360,plant height
