Gene ID,Transcript ID,Chromosome,Site,Alt,Ref,Peak Range Start,Peak Rrange End,SNP Position,Trait
Zm00001d027879,Zm00001d027879_T002,Chr.1,16415903,A,G,16415585,16415963,61,ear length
Zm00001d028456,Zm00001d028456_T001,Chr.1,35505383,A,C,35505348,35505412,36,leaf width
Zm00001d028511,Zm00001d028511_T025,Chr.1,37584463,T,C,37584435,37584529,67,leaf length
Zm00001d028692,Zm00001d028692_T003,Chr.1,43333711,G,C,43333691,43333767,57,flowering time
Zm00001d028692,Zm00001d028692_T003,Chr.1,43333711,G,C,43333701,43333757,47,flowering time
Zm00001d029195,Zm00001d029195_T003,Chr.1,61781595,A,G,61781499,61781635,97,Cob Weight
Zm00001d029195,Zm00001d029195_T003,Chr.1,61781595,A,G,61781509,61781625,87,Cob Weight
Zm00001d029281,Zm00001d029281_T004,Chr.1,64734118,A,C,64734064,64734140,23,plant height
Zm00001d029529,Zm00001d029529_T001,Chr.1,74918292,A,G,74918170,74918558,123,ear height
Zm00001d029529,Zm00001d029529_T001,Chr.1,74918292,A,G,74918176,74918552,117,ear height
Zm00001d029529,Zm00001d029529_T001,Chr.1,74918292,A,G,74918191,74918537,102,ear height
Zm00001d029529,Zm00001d029529_T001,Chr.1,74918292,A,G,74918210,74918518,83,ear height
Zm00001d029529,Zm00001d029529_T001,Chr.1,74918292,A,G,74918226,74918502,67,ear height
Zm00001d029529,Zm00001d029529_T001,Chr.1,74918292,A,G,74918240,74918488,53,ear height
Zm00001d030068,Zm00001d030068_T001,Chr.1,103203992,C,T,103203935,103204101,58,anthesis-silking interval
Zm00001d030068,Zm00001d030068_T001,Chr.1,103203992,C,T,103203965,103204071,28,anthesis-silking interval
Zm00001d030068,Zm00001d030068_T001,Chr.1,103203992,C,T,103203975,103204061,18,anthesis-silking interval
Zm00001d031747,Zm00001d031747_T002,Chr.1,200675630,T,C,200675485,200675683,146,days to silking
Zm00001d031747,Zm00001d031747_T002,Chr.1,200675630,T,C,200675515,200675653,116,days to silking
Zm00001d031747,Zm00001d031747_T002,Chr.1,200675630,T,C,200675516,200675652,115,days to silking
Zm00001d031747,Zm00001d031747_T002,Chr.1,200675630,T,C,200675550,200675754,81,days to silking
Zm00001d031747,Zm00001d031747_T002,Chr.1,200675630,T,C,200675560,200675744,71,days to silking
Zm00001d031747,Zm00001d031747_T002,Chr.1,200675630,T,C,200675581,200675723,50,days to silking
Zm00001d031747,Zm00001d031747_T002,Chr.1,200675630,T,C,200675591,200675713,40,days to silking
Zm00001d031747,Zm00001d031747_T002,Chr.1,200675630,T,C,200675600,200675704,31,days to silking
Zm00001d032084,Zm00001d032084_T001,Chr.1,212111564,T,C,212111510,212111758,195,days to anthesis
Zm00001d032084,Zm00001d032084_T001,Chr.1,212111564,T,C,212111511,212111757,194,days to anthesis
Zm00001d032084,Zm00001d032084_T001,Chr.1,212111564,T,C,212111520,212111748,185,days to anthesis
Zm00001d032084,Zm00001d032084_T001,Chr.1,212111564,T,C,212111530,212111738,175,days to anthesis
Zm00001d032084,Zm00001d032084_T001,Chr.1,212111564,T,C,212111545,212111723,160,days to anthesis
Zm00001d032249,Zm00001d032249_T001,Chr.1,218790798,G,A,218790718,218790826,29,southern leaf blight (SLB) resistance
Zm00001d032961,Zm00001d032961_T030,Chr.1,244863879,C,A,244863696,244864004,184,Cd accumulation of leaves
Zm00001d032961,Zm00001d032961_T030,Chr.1,244863879,C,A,244863707,244863993,173,Cd accumulation of leaves
Zm00001d032961,Zm00001d032961_T030,Chr.1,244863879,C,A,244863747,244863953,133,Cd accumulation of leaves
Zm00001d032961,Zm00001d032961_T030,Chr.1,244863879,C,A,244863782,244863918,98,Cd accumulation of leaves
Zm00001d032962,Zm00001d032962_T005,Chr.1,244894293,C,A,244894244,244894382,90,plant height
Zm00001d032962,Zm00001d032962_T005,Chr.1,244894293,C,A,244894250,244894376,84,plant height
Zm00001d032962,Zm00001d032962_T005,Chr.1,244894293,C,A,244894279,244894347,55,plant height
Zm00001d032962,Zm00001d032962_T005,Chr.1,244894293,C,A,244894280,244894346,54,plant height
Zm00001d033777,Zm00001d033777_T004,Chr.1,273465286,A,C,273465154,273465312,27,ear height
Zm00001d034163,Zm00001d034163_T001,Chr.1,285471239,A,G,285471007,285471313,75,spike length
Zm00001d034163,Zm00001d034163_T001,Chr.1,285471239,A,G,285471017,285471303,65,spike length
Zm00001d034163,Zm00001d034163_T001,Chr.1,285471239,A,G,285471026,285471294,56,spike length
Zm00001d034163,Zm00001d034163_T001,Chr.1,285471239,A,G,285471036,285471284,46,spike length
Zm00001d034163,Zm00001d034163_T001,Chr.1,285471239,A,G,285471037,285471283,45,spike length
Zm00001d034163,Zm00001d034163_T001,Chr.1,285471239,A,G,285471041,285471279,41,spike length
Zm00001d024488,Zm00001d024488_T001,Chr.10,73839958,T,A,73839642,73840040,83,lead content trait
Zm00001d024488,Zm00001d024488_T001,Chr.10,73839958,T,A,73839643,73840039,82,lead content trait
Zm00001d024488,Zm00001d024488_T001,Chr.10,73839958,T,A,73839678,73840004,47,lead content trait
Zm00001d024488,Zm00001d024488_T001,Chr.10,73839958,T,A,73839702,73839980,23,lead content trait
Zm00001d024488,Zm00001d024488_T001,Chr.10,73839958,T,A,73839708,73839974,17,lead content trait
Zm00001d025011,Zm00001d025011_T002,Chr.10,99637673,C,A,99637644,99637928,256,plant height
Zm00001d025019,Zm00001d025019_T001,Chr.10,99974522,G,C,99974281,99974679,242,days to silking
Zm00001d025019,Zm00001d025019_T001,Chr.10,99974522,G,C,99974282,99974678,241,days to silking
Zm00001d025019,Zm00001d025019_T001,Chr.10,99974522,G,C,99974286,99974674,237,days to silking
Zm00001d025019,Zm00001d025019_T001,Chr.10,99974522,G,C,99974296,99974664,227,days to silking
Zm00001d025019,Zm00001d025019_T001,Chr.10,99974522,G,C,99974301,99974659,222,days to silking
Zm00001d025019,Zm00001d025019_T001,Chr.10,99974522,G,C,99974306,99974654,217,days to silking
Zm00001d025019,Zm00001d025019_T001,Chr.10,99974522,G,C,99974311,99974649,212,days to silking
Zm00001d025019,Zm00001d025019_T001,Chr.10,99974522,G,C,99974326,99974634,197,days to silking
Zm00001d025019,Zm00001d025019_T001,Chr.10,99974522,G,C,99974361,99974599,162,days to silking
Zm00001d025019,Zm00001d025019_T001,Chr.10,99974522,G,C,99974367,99974593,156,days to silking
Zm00001d025019,Zm00001d025019_T001,Chr.10,99974522,G,C,99974376,99974584,147,days to silking
Zm00001d025323,Zm00001d025323_T002,Chr.10,114054396,T,C,114054372,114054530,135,days to tassel
Zm00001d025921,Zm00001d025921_T001,Chr.10,133773848,A,G,133773641,133773969,208,days to silk
Zm00001d025921,Zm00001d025921_T001,Chr.10,133773848,A,G,133773667,133773943,182,days to silk
Zm00001d025921,Zm00001d025921_T001,Chr.10,133773848,A,G,133773671,133773939,178,days to silk
Zm00001d026543,Zm00001d026543_T010,Chr.10,147957472,A,G,147957437,147957493,36,node count
Zm00001d026571,Zm00001d026571_T001,Chr.10,148195268,T,C,148195259,148195315,10,Leaf Length
Zm00001d001864,Zm00001d001864_T007,Chr.2,2071153,C,G,2071123,2071219,31,plant height
Zm00001d001864,Zm00001d001864_T007,Chr.2,2071153,C,G,2071132,2071210,22,plant height
Zm00001d002282,Zm00001d002282_T001,Chr.2,9498307,C,T,9498240,9498396,68,Diameter of the primary root
Zm00001d002282,Zm00001d002282_T001,Chr.2,9498307,C,T,9498290,9498346,18,Diameter of the primary root
Zm00001d003002,Zm00001d003002_T001,Chr.2,29220880,G,A,29220795,29221133,254,lead content trait
Zm00001d003002,Zm00001d003002_T001,Chr.2,29220880,G,A,29220811,29221117,238,lead content trait
Zm00001d003002,Zm00001d003002_T001,Chr.2,29220880,G,A,29220816,29221112,233,lead content trait
Zm00001d003002,Zm00001d003002_T001,Chr.2,29220880,G,A,29220821,29221107,228,lead content trait
Zm00001d003002,Zm00001d003002_T001,Chr.2,29220880,G,A,29220830,29221098,219,lead content trait
Zm00001d003002,Zm00001d003002_T001,Chr.2,29220880,G,A,29220835,29221093,214,lead content trait
Zm00001d003002,Zm00001d003002_T001,Chr.2,29220880,G,A,29220851,29221077,198,lead content trait
Zm00001d003002,Zm00001d003002_T001,Chr.2,29220880,G,A,29220856,29221072,193,lead content trait
Zm00001d003002,Zm00001d003002_T001,Chr.2,29220880,G,A,29220860,29221068,189,lead content trait
Zm00001d003719,Zm00001d003719_T001,Chr.2,56340497,G,C,56340222,56340540,276,anthesis-silking interval
Zm00001d003719,Zm00001d003719_T001,Chr.2,56340497,G,C,56340243,56340519,255,anthesis-silking interval
Zm00001d005028,Zm00001d005028_T001,Chr.2,154630426,A,G,154630374,154630590,165,Cd accumulation of leaves
Zm00001d005028,Zm00001d005028_T001,Chr.2,154630426,A,G,154630399,154630565,140,Cd accumulation of leaves
Zm00001d005028,Zm00001d005028_T001,Chr.2,154630426,A,G,154630403,154630561,136,Cd accumulation of leaves
Zm00001d005028,Zm00001d005028_T001,Chr.2,154630426,A,G,154630404,154630560,135,Cd accumulation of leaves
Zm00001d006028,Zm00001d006028_T001,Chr.2,195581007,T,C,195580886,195581104,98,the coefficients of variation of days to silking
Zm00001d006028,Zm00001d006028_T001,Chr.2,195581007,T,C,195580887,195581103,97,the coefficients of variation of days to silking
Zm00001d006028,Zm00001d006028_T001,Chr.2,195581007,T,C,195580896,195581094,88,the coefficients of variation of days to silking
Zm00001d006028,Zm00001d006028_T001,Chr.2,195581007,T,C,195580916,195581074,68,the coefficients of variation of days to silking
Zm00001d006028,Zm00001d006028_T001,Chr.2,195581007,T,C,195580946,195581044,38,the coefficients of variation of days to silking
Zm00001d006028,Zm00001d006028_T001,Chr.2,195581007,T,C,195580952,195581038,32,the coefficients of variation of days to silking
Zm00001d006503,Zm00001d006503_T001,Chr.2,210098179,C,A,210098107,210098273,73,length of the branch zone
Zm00001d006503,Zm00001d006503_T001,Chr.2,210098179,C,A,210098151,210098229,29,length of the branch zone
Zm00001d007268,Zm00001d007268_T001,Chr.2,226148508,T,A,226148427,226148605,98,ear height
Zm00001d007268,Zm00001d007268_T001,Chr.2,226148508,T,A,226148428,226148604,97,ear height
Zm00001d007268,Zm00001d007268_T001,Chr.2,226148508,T,A,226148433,226148599,92,ear height
Zm00001d007268,Zm00001d007268_T001,Chr.2,226148508,T,A,226148448,226148584,77,ear height
Zm00001d007268,Zm00001d007268_T001,Chr.2,226148508,T,A,226148467,226148565,58,ear height
Zm00001d007625,Zm00001d007625_T001,Chr.2,236407777,G,A,236407692,236407860,84,ear height
Zm00001d007625,Zm00001d007625_T001,Chr.2,236407777,G,A,236407713,236407839,63,ear height
Zm00001d007625,Zm00001d007625_T001,Chr.2,236407777,G,A,236407728,236407824,48,ear height
Zm00001d007625,Zm00001d007625_T001,Chr.2,236407777,G,A,236407737,236407815,39,ear height
Zm00001d007843,Zm00001d007843_T001,Chr.2,240684530,T,C,240684199,240684577,48,ear height
Zm00001d007843,Zm00001d007843_T001,Chr.2,240684530,T,C,240684214,240684562,33,ear height
Zm00001d007843,Zm00001d007843_T001,Chr.2,240684530,T,C,240684229,240684547,18,ear height
Zm00001d007843,Zm00001d007843_T001,Chr.2,240684530,T,C,240684444,240684812,283,ear height
Zm00001d007843,Zm00001d007843_T001,Chr.2,240684530,T,C,240684504,240684752,223,ear height
Zm00001d039589,Zm00001d039589_T169,Chr.3,8525461,G,A,8525340,8525494,122,ear height
Zm00001d039749,Zm00001d039749_T002,Chr.3,13704925,T,C,13704580,13704966,42,ear height
Zm00001d041073,Zm00001d041073_T002,Chr.3,95281059,C,T,95281011,95281199,49,plant height
Zm00001d041941,Zm00001d041941_T001,Chr.3,144672763,C,T,144672405,144672793,359,ear height
Zm00001d041941,Zm00001d041941_T001,Chr.3,144672763,C,T,144672702,144673082,62,ear height
Zm00001d041941,Zm00001d041941_T001,Chr.3,144672763,C,T,144672707,144673077,57,ear height
Zm00001d041941,Zm00001d041941_T001,Chr.3,144672763,C,T,144672712,144673072,52,ear height
Zm00001d041941,Zm00001d041941_T001,Chr.3,144672763,C,T,144672715,144673069,49,ear height
Zm00001d041941,Zm00001d041941_T001,Chr.3,144672763,C,T,144672736,144673048,28,ear height
Zm00001d041941,Zm00001d041941_T001,Chr.3,144672763,C,T,144672741,144673043,23,ear height
Zm00001d042319,Zm00001d042319_T001,Chr.3,161006686,T,C,161006518,161006904,219,days to anthesis
Zm00001d042319,Zm00001d042319_T001,Chr.3,161006686,T,C,161006527,161006895,210,days to anthesis
Zm00001d042319,Zm00001d042319_T001,Chr.3,161006686,T,C,161006543,161006879,194,days to anthesis
Zm00001d042319,Zm00001d042319_T001,Chr.3,161006686,T,C,161006547,161006875,190,days to anthesis
Zm00001d042319,Zm00001d042319_T001,Chr.3,161006686,T,C,161006567,161006855,170,days to anthesis
Zm00001d042319,Zm00001d042319_T001,Chr.3,161006686,T,C,161006568,161006854,169,days to anthesis
Zm00001d042319,Zm00001d042319_T001,Chr.3,161006686,T,C,161006577,161006845,160,days to anthesis
Zm00001d042319,Zm00001d042319_T001,Chr.3,161006686,T,C,161006592,161006830,145,days to anthesis
Zm00001d042319,Zm00001d042319_T001,Chr.3,161006686,T,C,161006598,161006824,139,days to anthesis
Zm00001d042319,Zm00001d042319_T001,Chr.3,161006686,T,C,161006602,161006980,295,days to anthesis
Zm00001d042319,Zm00001d042319_T001,Chr.3,161006686,T,C,161006612,161006810,125,days to anthesis
Zm00001d042319,Zm00001d042319_T001,Chr.3,161006686,T,C,161006612,161006970,285,days to anthesis
Zm00001d042319,Zm00001d042319_T001,Chr.3,161006686,T,C,161006618,161006804,119,days to anthesis
Zm00001d042319,Zm00001d042319_T001,Chr.3,161006686,T,C,161006628,161006954,269,days to anthesis
Zm00001d042319,Zm00001d042319_T001,Chr.3,161006686,T,C,161006632,161006790,105,days to anthesis
Zm00001d042319,Zm00001d042319_T001,Chr.3,161006686,T,C,161006638,161006944,259,days to anthesis
Zm00001d042319,Zm00001d042319_T001,Chr.3,161006686,T,C,161006648,161006934,249,days to anthesis
Zm00001d042319,Zm00001d042319_T001,Chr.3,161006686,T,C,161006658,161006924,239,days to anthesis
Zm00001d042319,Zm00001d042319_T001,Chr.3,161006686,T,C,161006663,161006759,74,days to anthesis
Zm00001d042963,Zm00001d042963_T001,Chr.3,185049390,A,G,185049253,185049461,138,days to silking
Zm00001d042963,Zm00001d042963_T001,Chr.3,185049390,A,G,185049263,185049451,128,days to silking
Zm00001d042963,Zm00001d042963_T001,Chr.3,185049390,A,G,185049278,185049436,113,days to silking
Zm00001d043029,Zm00001d043029_T002,Chr.3,187041210,C,T,187040977,187041365,234,spike length
Zm00001d043029,Zm00001d043029_T002,Chr.3,187041210,C,T,187041008,187041334,203,spike length
Zm00001d043029,Zm00001d043029_T002,Chr.3,187041210,C,T,187041023,187041319,188,spike length
Zm00001d043029,Zm00001d043029_T002,Chr.3,187041210,C,T,187041027,187041315,184,spike length
Zm00001d043029,Zm00001d043029_T002,Chr.3,187041210,C,T,187041053,187041289,158,spike length
Zm00001d043029,Zm00001d043029_T002,Chr.3,187041210,C,T,187041057,187041285,154,spike length
Zm00001d043029,Zm00001d043029_T002,Chr.3,187041210,C,T,187041058,187041284,153,spike length
Zm00001d043029,Zm00001d043029_T002,Chr.3,187041210,C,T,187041093,187041249,118,spike length
Zm00001d043029,Zm00001d043029_T002,Chr.3,187041210,C,T,187041102,187041240,109,spike length
Zm00001d043029,Zm00001d043029_T002,Chr.3,187041210,C,T,187041108,187041234,103,spike length
Zm00001d043231,Zm00001d043231_T001,Chr.3,192589545,C,G,192589372,192589760,216,ear height
Zm00001d043231,Zm00001d043231_T001,Chr.3,192589545,C,G,192589388,192589744,200,ear height
Zm00001d043231,Zm00001d043231_T001,Chr.3,192589545,C,G,192589422,192589710,166,ear height
Zm00001d043231,Zm00001d043231_T001,Chr.3,192589545,C,G,192589447,192589685,141,ear height
Zm00001d043231,Zm00001d043231_T001,Chr.3,192589545,C,G,192589452,192589680,136,ear height
Zm00001d043231,Zm00001d043231_T001,Chr.3,192589545,C,G,192589468,192589664,120,ear height
Zm00001d043231,Zm00001d043231_T001,Chr.3,192589545,C,G,192589472,192589660,116,ear height
Zm00001d043454,Zm00001d043454_T001,Chr.3,200475868,A,G,200475640,200476038,171,plant height
Zm00001d043454,Zm00001d043454_T001,Chr.3,200475868,A,G,200475656,200476022,155,plant height
Zm00001d043454,Zm00001d043454_T001,Chr.3,200475868,A,G,200475686,200475992,125,plant height
Zm00001d043454,Zm00001d043454_T001,Chr.3,200475868,A,G,200475720,200475958,91,plant height
Zm00001d043454,Zm00001d043454_T001,Chr.3,200475868,A,G,200475735,200475943,76,plant height
Zm00001d043454,Zm00001d043454_T001,Chr.3,200475868,A,G,200475745,200475933,66,plant height
Zm00001d043454,Zm00001d043454_T001,Chr.3,200475868,A,G,200475765,200475913,46,plant height
Zm00001d043454,Zm00001d043454_T001,Chr.3,200475868,A,G,200475795,200475883,16,plant height
Zm00001d043454,Zm00001d043454_T001,Chr.3,200475868,A,G,200475796,200475882,15,plant height
Zm00001d043506,Zm00001d043506_T013,Chr.3,202318340,G,A,202318315,202318449,26,flowering time
Zm00001d043506,Zm00001d043506_T013,Chr.3,202318340,G,A,202318320,202318444,21,flowering time
Zm00001d044175,Zm00001d044175_T006,Chr.3,221170116,T,G,221170007,221170321,110,days to silking
Zm00001d044175,Zm00001d044175_T006,Chr.3,221170116,T,G,221170013,221170315,104,days to silking
Zm00001d044175,Zm00001d044175_T006,Chr.3,221170116,T,G,221170013,221170325,104,days to silking
Zm00001d044175,Zm00001d044175_T006,Chr.3,221170116,T,G,221170022,221170306,95,days to silking
Zm00001d044175,Zm00001d044175_T006,Chr.3,221170116,T,G,221170027,221170301,90,days to silking
Zm00001d044175,Zm00001d044175_T006,Chr.3,221170116,T,G,221170037,221170291,80,days to silking
Zm00001d044175,Zm00001d044175_T006,Chr.3,221170116,T,G,221170054,221170284,63,days to silking
Zm00001d044175,Zm00001d044175_T006,Chr.3,221170116,T,G,221170058,221170280,59,days to silking
Zm00001d044175,Zm00001d044175_T006,Chr.3,221170116,T,G,221170062,221170276,55,days to silking
Zm00001d044175,Zm00001d044175_T006,Chr.3,221170116,T,G,221170063,221170265,54,days to silking
Zm00001d044175,Zm00001d044175_T006,Chr.3,221170116,T,G,221170063,221170275,54,days to silking
Zm00001d044175,Zm00001d044175_T006,Chr.3,221170116,T,G,221170068,221170270,49,days to silking
Zm00001d044175,Zm00001d044175_T006,Chr.3,221170116,T,G,221170069,221170269,48,days to silking
Zm00001d044175,Zm00001d044175_T006,Chr.3,221170116,T,G,221170077,221170251,40,days to silking
Zm00001d044175,Zm00001d044175_T006,Chr.3,221170116,T,G,221170077,221170261,40,days to silking
Zm00001d044175,Zm00001d044175_T006,Chr.3,221170116,T,G,221170078,221170250,39,days to silking
Zm00001d044175,Zm00001d044175_T006,Chr.3,221170116,T,G,221170088,221170250,29,days to silking
Zm00001d044273,Zm00001d044273_T001,Chr.3,223535472,G,A,223535427,223535495,24,Transpiration rate
Zm00001d044551,Zm00001d044551_T017,Chr.3,231494806,C,T,231494758,231494952,49,the coefficients of variation of days to anthesis
Zm00001d044551,Zm00001d044551_T017,Chr.3,231494806,C,T,231494773,231494937,34,the coefficients of variation of days to anthesis
Zm00001d044551,Zm00001d044551_T017,Chr.3,231494806,C,T,231494779,231494931,28,the coefficients of variation of days to anthesis
Zm00001d044551,Zm00001d044551_T017,Chr.3,231494806,C,T,231494783,231494927,24,the coefficients of variation of days to anthesis
Zm00001d044551,Zm00001d044551_T017,Chr.3,231494806,C,T,231494785,231494925,22,the coefficients of variation of days to anthesis
Zm00001d049179,Zm00001d049179_T002,Chr.4,19409747,G,C,19409536,19409804,212,Corn Earworm Resistance
Zm00001d049179,Zm00001d049179_T002,Chr.4,19409747,G,C,19409566,19409774,182,Corn Earworm Resistance
Zm00001d049179,Zm00001d049179_T002,Chr.4,19409747,G,C,19409642,19410018,106,Corn Earworm Resistance
Zm00001d049179,Zm00001d049179_T002,Chr.4,19409747,G,C,19409646,19410014,102,Corn Earworm Resistance
Zm00001d049179,Zm00001d049179_T002,Chr.4,19409747,G,C,19409666,19409994,82,Corn Earworm Resistance
Zm00001d049179,Zm00001d049179_T002,Chr.4,19409747,G,C,19409691,19409969,57,Corn Earworm Resistance
Zm00001d049179,Zm00001d049179_T002,Chr.4,19409747,G,C,19409726,19409934,22,Corn Earworm Resistance
Zm00001d049823,Zm00001d049823_T001,Chr.4,46595397,T,C,46595342,46595490,56,days to anthesis
Zm00001d049823,Zm00001d049823_T001,Chr.4,46595397,T,C,46595344,46595474,54,days to anthesis
Zm00001d049823,Zm00001d049823_T001,Chr.4,46595397,T,C,46595347,46595485,51,days to anthesis
Zm00001d049823,Zm00001d049823_T001,Chr.4,46595397,T,C,46595349,46595469,49,days to anthesis
Zm00001d049823,Zm00001d049823_T001,Chr.4,46595397,T,C,46595362,46595456,36,days to anthesis
Zm00001d049823,Zm00001d049823_T001,Chr.4,46595397,T,C,46595363,46595469,35,days to anthesis
Zm00001d051644,Zm00001d051644_T030,Chr.4,165596778,T,C,165596602,165596856,79,ear height
Zm00001d051644,Zm00001d051644_T030,Chr.4,165596778,T,C,165596638,165596820,43,ear height
Zm00001d051644,Zm00001d051644_T030,Chr.4,165596778,T,C,165596642,165596816,39,ear height
Zm00001d051644,Zm00001d051644_T030,Chr.4,165596778,T,C,165596648,165596810,33,ear height
Zm00001d051808,Zm00001d051808_T001,Chr.4,170142563,G,C,170142531,170142601,39,ear height
Zm00001d051808,Zm00001d051808_T003,Chr.4,170143923,T,C,170143738,170144024,102,relative anthesis silking interval
Zm00001d051808,Zm00001d051808_T003,Chr.4,170143923,T,C,170143753,170144009,87,relative anthesis silking interval
Zm00001d051808,Zm00001d051808_T003,Chr.4,170143923,T,C,170143763,170143999,77,relative anthesis silking interval
Zm00001d051808,Zm00001d051808_T003,Chr.4,170143923,T,C,170143813,170143949,27,relative anthesis silking interval
Zm00001d052209,Zm00001d052209_T001,Chr.4,183315832,C,G,183315769,183316137,306,anthesis-silking interval
Zm00001d052209,Zm00001d052209_T001,Chr.4,183315832,C,G,183315785,183316121,290,anthesis-silking interval
Zm00001d052209,Zm00001d052209_T001,Chr.4,183315832,C,G,183315799,183316107,276,anthesis-silking interval
Zm00001d052288,Zm00001d052288_T001,Chr.4,186088287,C,G,186088245,186088311,43,leaf orientation value
Zm00001d052316,Zm00001d052316_T001,Chr.4,186986938,C,A,186986767,186987057,120,ear height
Zm00001d052316,Zm00001d052316_T001,Chr.4,186986938,C,A,186986791,186987033,96,ear height
Zm00001d053158,Zm00001d053158_T001,Chr.4,217091199,T,G,217091163,217091219,21,head smut resistance
Zm00001d013006,Zm00001d013006_T019,Chr.5,3135377,A,G,3135278,3135420,100,leaf length
Zm00001d013455,Zm00001d013455_T001,Chr.5,12055621,A,G,12055554,12055772,68,Late leaf area
Zm00001d013455,Zm00001d013455_T001,Chr.5,12055621,A,G,12055569,12055757,53,Late leaf area
Zm00001d013455,Zm00001d013455_T001,Chr.5,12055621,A,G,12055589,12055737,33,Late leaf area
Zm00001d013455,Zm00001d013455_T001,Chr.5,12055621,A,G,12055594,12055732,28,Late leaf area
Zm00001d015203,Zm00001d015203_T023,Chr.5,79227348,C,T,79227255,79227593,94,plant height
Zm00001d015203,Zm00001d015203_T023,Chr.5,79227348,C,T,79227295,79227553,54,plant height
Zm00001d015203,Zm00001d015203_T023,Chr.5,79227348,C,T,79227296,79227552,53,plant height
Zm00001d015203,Zm00001d015203_T023,Chr.5,79227348,C,T,79227326,79227522,23,plant height
Zm00001d016694,Zm00001d016694_T006,Chr.5,172817291,G,A,172817172,172817398,108,cob length
Zm00001d017826,Zm00001d017826_T002,Chr.5,207861061,T,C,207861000,207861078,18,plant height
Zm00001d018146,Zm00001d018146_T006,Chr.5,215511644,G,A,215511604,215511754,111,ear height
Zm00001d018146,Zm00001d018146_T006,Chr.5,215511644,G,A,215511617,215511741,98,ear height
Zm00001d035199,Zm00001d035199_T003,Chr.6,9602997,T,C,9602787,9603033,37,upper leaf angle
Zm00001d035199,Zm00001d035199_T003,Chr.6,9602997,T,C,9602791,9603029,33,upper leaf angle
Zm00001d039015,Zm00001d039015_T003,Chr.6,168718047,G,T,168717999,168718157,49,node count
Zm00001d039015,Zm00001d039015_T003,Chr.6,168718047,G,T,168718009,168718147,39,node count
Zm00001d039015,Zm00001d039015_T003,Chr.6,168718047,G,T,168718018,168718094,30,node count
Zm00001d039015,Zm00001d039015_T003,Chr.6,168718047,G,T,168718024,168718132,24,node count
Zm00001d039072,Zm00001d039072_T034,Chr.6,169551373,G,C,169551314,169551402,30,in vitro dry matter digestibility
Zm00001d020274,Zm00001d020274_T001,Chr.7,103649430,T,G,103649395,103649521,92,Water use
Zm00001d020274,Zm00001d020274_T001,Chr.7,103649430,T,G,103649400,103649516,87,Water use
Zm00001d020274,Zm00001d020274_T001,Chr.7,103649430,T,G,103649404,103649512,83,Water use
Zm00001d021395,Zm00001d021395_T006,Chr.7,150907905,T,C,150907682,150908082,224,days to anthesis
Zm00001d021395,Zm00001d021395_T006,Chr.7,150907905,T,C,150907690,150908074,216,days to anthesis
Zm00001d021395,Zm00001d021395_T006,Chr.7,150907905,T,C,150907692,150908072,214,days to anthesis
Zm00001d021395,Zm00001d021395_T006,Chr.7,150907905,T,C,150907696,150908068,210,days to anthesis
Zm00001d021598,Zm00001d021598_T010,Chr.7,157739351,A,G,157739202,157739540,150,days to silking
Zm00001d021598,Zm00001d021598_T010,Chr.7,157739351,A,G,157739207,157739535,145,days to silking
Zm00001d021598,Zm00001d021598_T010,Chr.7,157739351,A,G,157739213,157739529,139,days to silking
Zm00001d021598,Zm00001d021598_T010,Chr.7,157739351,A,G,157739247,157739495,105,days to silking
Zm00001d021598,Zm00001d021598_T010,Chr.7,157739351,A,G,157739253,157739489,99,days to silking
Zm00001d021598,Zm00001d021598_T010,Chr.7,157739351,A,G,157739298,157739444,54,days to silking
Zm00001d021598,Zm00001d021598_T010,Chr.7,157739351,A,G,157739308,157739434,44,days to silking
Zm00001d021598,Zm00001d021598_T010,Chr.7,157739351,A,G,157739312,157739430,40,days to silking
Zm00001d021598,Zm00001d021598_T010,Chr.7,157739351,A,G,157739322,157739420,30,days to silking
Zm00001d021629,Zm00001d021629_T004,Chr.7,158564400,C,T,158564058,158564434,343,ear height
Zm00001d001268,Zm00001d001268_T001,Chr.7,162841904,C,G,162841723,162842077,182,cob length
Zm00001d001268,Zm00001d001268_T001,Chr.7,162841904,C,G,162841735,162842065,170,cob length
Zm00001d001268,Zm00001d001268_T001,Chr.7,162841904,C,G,162841749,162842065,156,cob length
Zm00001d001268,Zm00001d001268_T001,Chr.7,162841904,C,G,162841754,162842060,151,cob length
Zm00001d001268,Zm00001d001268_T001,Chr.7,162841904,C,G,162841758,162842056,147,cob length
Zm00001d001268,Zm00001d001268_T001,Chr.7,162841904,C,G,162841763,162842051,142,cob length
Zm00001d001268,Zm00001d001268_T001,Chr.7,162841904,C,G,162841768,162842122,137,cob length
Zm00001d001268,Zm00001d001268_T001,Chr.7,162841904,C,G,162841769,162842031,136,cob length
Zm00001d001268,Zm00001d001268_T001,Chr.7,162841904,C,G,162841769,162842121,136,cob length
Zm00001d001268,Zm00001d001268_T001,Chr.7,162841904,C,G,162841780,162842020,125,cob length
Zm00001d001268,Zm00001d001268_T001,Chr.7,162841904,C,G,162841793,162842021,112,cob length
Zm00001d001268,Zm00001d001268_T001,Chr.7,162841904,C,G,162841798,162842016,107,cob length
Zm00001d001268,Zm00001d001268_T001,Chr.7,162841904,C,G,162841799,162842001,106,cob length
Zm00001d001268,Zm00001d001268_T001,Chr.7,162841904,C,G,162841809,162842005,96,cob length
Zm00001d001268,Zm00001d001268_T001,Chr.7,162841904,C,G,162841819,162842071,86,cob length
Zm00001d001268,Zm00001d001268_T001,Chr.7,162841904,C,G,162841820,162842070,85,cob length
Zm00001d001268,Zm00001d001268_T001,Chr.7,162841904,C,G,162841825,162842065,80,cob length
Zm00001d001268,Zm00001d001268_T001,Chr.7,162841904,C,G,162841829,162842115,76,cob length
Zm00001d001268,Zm00001d001268_T001,Chr.7,162841904,C,G,162841833,162842057,72,cob length
Zm00001d001268,Zm00001d001268_T001,Chr.7,162841904,C,G,162841836,162841978,69,cob length
Zm00001d001268,Zm00001d001268_T001,Chr.7,162841904,C,G,162841839,162841975,66,cob length
Zm00001d001268,Zm00001d001268_T001,Chr.7,162841904,C,G,162841842,162841972,63,cob length
Zm00001d001268,Zm00001d001268_T001,Chr.7,162841904,C,G,162841843,162842101,62,cob length
Zm00001d001268,Zm00001d001268_T001,Chr.7,162841904,C,G,162841848,162841952,57,cob length
Zm00001d001268,Zm00001d001268_T001,Chr.7,162841904,C,G,162841853,162841961,52,cob length
Zm00001d001268,Zm00001d001268_T001,Chr.7,162841904,C,G,162841858,162841942,47,cob length
Zm00001d001268,Zm00001d001268_T001,Chr.7,162841904,C,G,162841859,162841955,46,cob length
Zm00001d001268,Zm00001d001268_T001,Chr.7,162841904,C,G,162841863,162842035,42,cob length
Zm00001d001268,Zm00001d001268_T001,Chr.7,162841904,C,G,162841872,162841928,33,cob length
Zm00001d001268,Zm00001d001268_T001,Chr.7,162841904,C,G,162841877,162842021,28,cob length
Zm00001d001268,Zm00001d001268_T001,Chr.7,162841904,C,G,162841883,162842015,22,cob length
Zm00001d021930,Zm00001d021930_T002,Chr.7,166047015,T,A,166046975,166047141,127,plant height
Zm00001d021930,Zm00001d021930_T002,Chr.7,166047015,T,A,166046985,166047131,117,plant height
Zm00001d022489,Zm00001d022489_T003,Chr.7,178612951,C,T,178612909,178612967,17,days to silk
Zm00001d022489,Zm00001d022489_T003,Chr.7,178612951,C,T,178612912,178612998,48,days to silk
Zm00001d022489,Zm00001d022489_T003,Chr.7,178612951,C,T,178612921,178612989,39,days to silk
Zm00001d008298,Zm00001d008298_T001,Chr.8,4551689,C,T,4551466,4551744,224,node count
Zm00001d008298,Zm00001d008298_T001,Chr.8,4551689,C,T,4551487,4551723,203,node count
Zm00001d008298,Zm00001d008298_T001,Chr.8,4551689,C,T,4551498,4551758,192,node count
Zm00001d008298,Zm00001d008298_T001,Chr.8,4551689,C,T,4551501,4551709,189,node count
Zm00001d008298,Zm00001d008298_T001,Chr.8,4551689,C,T,4551507,4551749,183,node count
Zm00001d008298,Zm00001d008298_T001,Chr.8,4551689,C,T,4551513,4551743,177,node count
Zm00001d008298,Zm00001d008298_T001,Chr.8,4551689,C,T,4551516,4551740,174,node count
Zm00001d008393,Zm00001d008393_T003,Chr.8,7166123,C,T,7165922,7166236,202,length of the branch zone
Zm00001d008393,Zm00001d008393_T003,Chr.8,7166123,C,T,7165936,7166222,188,length of the branch zone
Zm00001d008393,Zm00001d008393_T003,Chr.8,7166123,C,T,7165938,7166220,186,length of the branch zone
Zm00001d008393,Zm00001d008393_T003,Chr.8,7166123,C,T,7165940,7166218,184,length of the branch zone
Zm00001d008393,Zm00001d008393_T003,Chr.8,7166123,C,T,7165948,7166210,176,length of the branch zone
Zm00001d008393,Zm00001d008393_T003,Chr.8,7166123,C,T,7165951,7166207,173,length of the branch zone
Zm00001d008393,Zm00001d008393_T003,Chr.8,7166123,C,T,7165955,7166203,169,length of the branch zone
Zm00001d008393,Zm00001d008393_T003,Chr.8,7166123,C,T,7165956,7166202,168,length of the branch zone
Zm00001d008393,Zm00001d008393_T003,Chr.8,7166123,C,T,7165964,7166194,160,length of the branch zone
Zm00001d008393,Zm00001d008393_T003,Chr.8,7166123,C,T,7165992,7166166,132,length of the branch zone
Zm00001d008393,Zm00001d008393_T003,Chr.8,7166123,C,T,7165998,7166160,126,length of the branch zone
Zm00001d008393,Zm00001d008393_T003,Chr.8,7166123,C,T,7166013,7166145,111,length of the branch zone
Zm00001d008393,Zm00001d008393_T003,Chr.8,7166123,C,T,7166020,7166396,104,length of the branch zone
Zm00001d008393,Zm00001d008393_T003,Chr.8,7166123,C,T,7166025,7166391,99,length of the branch zone
Zm00001d008393,Zm00001d008393_T003,Chr.8,7166123,C,T,7166035,7166381,89,length of the branch zone
Zm00001d008393,Zm00001d008393_T003,Chr.8,7166123,C,T,7166044,7166372,80,length of the branch zone
Zm00001d008393,Zm00001d008393_T003,Chr.8,7166123,C,T,7166080,7166336,44,length of the branch zone
Zm00001d008393,Zm00001d008393_T003,Chr.8,7166123,C,T,7166084,7166332,40,length of the branch zone
Zm00001d008393,Zm00001d008393_T003,Chr.8,7166123,C,T,7166085,7166331,39,length of the branch zone
Zm00001d008411,Zm00001d008411_T011,Chr.8,8047887,C,A,8047790,8048176,98,days to silk
Zm00001d008411,Zm00001d008411_T011,Chr.8,8047887,C,A,8047794,8048172,94,days to silk
Zm00001d008411,Zm00001d008411_T011,Chr.8,8047887,C,A,8047810,8048156,78,days to silk
Zm00001d008411,Zm00001d008411_T011,Chr.8,8047887,C,A,8047825,8048141,63,days to silk
Zm00001d008411,Zm00001d008411_T011,Chr.8,8047887,C,A,8047845,8048121,43,days to silk
Zm00001d009780,Zm00001d009780_T005,Chr.8,80731073,A,G,80730971,80731125,103,Tar Spot Complex Resistance
Zm00001d009780,Zm00001d009780_T005,Chr.8,80731073,A,G,80730977,80731119,97,Tar Spot Complex Resistance
Zm00001d009780,Zm00001d009780_T005,Chr.8,80731073,A,G,80731006,80731164,68,Tar Spot Complex Resistance
Zm00001d009780,Zm00001d009780_T005,Chr.8,80731073,A,G,80731022,80731148,52,Tar Spot Complex Resistance
Zm00001d009780,Zm00001d009780_T005,Chr.8,80731073,A,G,80731026,80731144,48,Tar Spot Complex Resistance
Zm00001d009780,Zm00001d009780_T005,Chr.8,80731073,A,G,80731027,80731143,47,Tar Spot Complex Resistance
Zm00001d009780,Zm00001d009780_T005,Chr.8,80731073,A,G,80731032,80731138,42,Tar Spot Complex Resistance
Zm00001d009780,Zm00001d009780_T005,Chr.8,80731073,A,G,80731052,80731118,22,Tar Spot Complex Resistance
Zm00001d009780,Zm00001d009780_T005,Chr.8,80731073,A,G,80731056,80731114,18,Tar Spot Complex Resistance
Zm00001d009802,Zm00001d009802_T001,Chr.8,82156399,T,C,82156103,82156471,73,Tar Spot Complex Resistance
Zm00001d009802,Zm00001d009802_T001,Chr.8,82156399,T,C,82156193,82156531,133,Tar Spot Complex Resistance
Zm00001d009802,Zm00001d009802_T001,Chr.8,82156399,T,C,82156198,82156526,128,Tar Spot Complex Resistance
Zm00001d009802,Zm00001d009802_T001,Chr.8,82156399,T,C,82156203,82156521,123,Tar Spot Complex Resistance
Zm00001d009802,Zm00001d009802_T001,Chr.8,82156399,T,C,82156204,82156520,122,Tar Spot Complex Resistance
Zm00001d009813,Zm00001d009813_T006,Chr.8,82667743,C,T,82667663,82667769,81,plant height
Zm00001d009813,Zm00001d009813_T006,Chr.8,82667743,C,T,82667677,82667771,67,plant height
Zm00001d009813,Zm00001d009813_T006,Chr.8,82667743,C,T,82667683,82667765,61,plant height
Zm00001d009813,Zm00001d009813_T006,Chr.8,82667743,C,T,82667705,82667799,39,plant height
Zm00001d009813,Zm00001d009813_T006,Chr.8,82667743,C,T,82667711,82667793,33,plant height
Zm00001d010813,Zm00001d010813_T001,Chr.8,128625802,T,G,128625776,128625862,61,days to anthesis
Zm00001d010813,Zm00001d010813_T001,Chr.8,128625802,T,G,128625780,128625858,57,days to anthesis
Zm00001d010813,Zm00001d010813_T001,Chr.8,128625802,T,G,128625781,128625857,56,days to anthesis
Zm00001d010928,Zm00001d010928_T001,Chr.8,133861424,G,C,133861341,133861567,144,anthesis-silking interval
Zm00001d010928,Zm00001d010928_T001,Chr.8,133861424,G,C,133861346,133861562,139,anthesis-silking interval
Zm00001d010928,Zm00001d010928_T001,Chr.8,133861424,G,C,133861356,133861552,129,anthesis-silking interval
Zm00001d010928,Zm00001d010928_T001,Chr.8,133861424,G,C,133861360,133861548,125,anthesis-silking interval
Zm00001d010928,Zm00001d010928_T001,Chr.8,133861424,G,C,133861376,133861532,109,anthesis-silking interval
Zm00001d012228,Zm00001d012228_T005,Chr.8,170458874,A,G,170458847,170459041,28,branch number
Zm00001d012228,Zm00001d012228_T005,Chr.8,170458874,A,G,170458848,170459040,27,branch number
Zm00001d012228,Zm00001d012228_T005,Chr.8,170458874,A,G,170458854,170459034,21,branch number
Zm00001d012683,Zm00001d012683_T001,Chr.8,178613103,A,G,178613016,178613284,88,ear height
Zm00001d012683,Zm00001d012683_T001,Chr.8,178613103,A,G,178613017,178613283,87,ear height
Zm00001d012683,Zm00001d012683_T001,Chr.8,178613103,A,G,178613036,178613264,68,ear height
Zm00001d012683,Zm00001d012683_T001,Chr.8,178613103,A,G,178613037,178613263,67,ear height
Zm00001d012683,Zm00001d012683_T001,Chr.8,178613103,A,G,178613041,178613259,63,ear height
Zm00001d012683,Zm00001d012683_T001,Chr.8,178613103,A,G,178613082,178613218,22,ear height
Zm00001d012683,Zm00001d012683_T001,Chr.8,178613103,A,G,178613086,178613214,18,ear height
Zm00001d027052,Zm00001d027052_T001,Chr.9,4695796,C,T,4695726,4695826,71,days to anthesis
Zm00001d045202,Zm00001d045202_T005,Chr.9,15926656,T,C,15926350,15926692,37,the coefficients of variation of days to silking
Zm00001d045202,Zm00001d045202_T005,Chr.9,15926656,T,C,15926361,15926681,26,the coefficients of variation of days to silking
Zm00001d045206,Zm00001d045206_T001,Chr.9,16077148,T,C,16077124,16077212,65,southern leaf blight (SLB) resistance
Zm00001d045294,Zm00001d045294_T008,Chr.9,18087779,A,G,18087749,18087817,31,stalk strength
Zm00001d045323,Zm00001d045323_T008,Chr.9,18950521,A,C,18950248,18950566,46,node count
Zm00001d045323,Zm00001d045323_T008,Chr.9,18950521,A,C,18950249,18950565,45,node count
Zm00001d045323,Zm00001d045323_T008,Chr.9,18950521,A,C,18950259,18950555,35,node count
Zm00001d046586,Zm00001d046586_T001,Chr.9,97426004,A,G,97425793,97426149,212,plant survival rate under drought stress
Zm00001d046586,Zm00001d046586_T001,Chr.9,97426004,A,G,97425813,97426129,192,plant survival rate under drought stress
Zm00001d046586,Zm00001d046586_T001,Chr.9,97426004,A,G,97425832,97426110,173,plant survival rate under drought stress
Zm00001d046586,Zm00001d046586_T001,Chr.9,97426004,A,G,97425848,97426094,157,plant survival rate under drought stress
Zm00001d046586,Zm00001d046586_T001,Chr.9,97426004,A,G,97425888,97426054,117,plant survival rate under drought stress
Zm00001d046586,Zm00001d046586_T001,Chr.9,97426004,A,G,97425898,97426044,107,plant survival rate under drought stress
Zm00001d046586,Zm00001d046586_T001,Chr.9,97426004,A,G,97425908,97426034,97,plant survival rate under drought stress
Zm00001d046586,Zm00001d046586_T001,Chr.9,97426004,A,G,97425918,97426024,87,plant survival rate under drought stress
Zm00001d046652,Zm00001d046652_T001,Chr.9,100616088,A,C,100615937,100616213,152,spike length
Zm00001d046652,Zm00001d046652_T001,Chr.9,100616088,A,C,100615961,100616189,128,spike length
Zm00001d046652,Zm00001d046652_T001,Chr.9,100616088,A,C,100615967,100616183,122,spike length
Zm00001d046652,Zm00001d046652_T001,Chr.9,100616088,A,C,100615982,100616168,107,spike length
Zm00001d046652,Zm00001d046652_T001,Chr.9,100616088,A,C,100615986,100616164,103,spike length
Zm00001d046652,Zm00001d046652_T001,Chr.9,100616088,A,C,100615986,100616224,103,spike length
Zm00001d046652,Zm00001d046652_T001,Chr.9,100616088,A,C,100615987,100616163,102,spike length
Zm00001d046652,Zm00001d046652_T001,Chr.9,100616088,A,C,100615997,100616213,92,spike length
Zm00001d046652,Zm00001d046652_T001,Chr.9,100616088,A,C,100616011,100616199,78,spike length
Zm00001d046652,Zm00001d046652_T001,Chr.9,100616088,A,C,100616011,100616229,78,spike length
Zm00001d046652,Zm00001d046652_T001,Chr.9,100616088,A,C,100616017,100616193,72,spike length
Zm00001d046652,Zm00001d046652_T001,Chr.9,100616088,A,C,100616017,100616223,72,spike length
Zm00001d046652,Zm00001d046652_T001,Chr.9,100616088,A,C,100616026,100616124,63,spike length
Zm00001d046652,Zm00001d046652_T001,Chr.9,100616088,A,C,100616026,100616214,63,spike length
Zm00001d046652,Zm00001d046652_T001,Chr.9,100616088,A,C,100616027,100616213,62,spike length
Zm00001d046652,Zm00001d046652_T001,Chr.9,100616088,A,C,100616032,100616208,57,spike length
Zm00001d046652,Zm00001d046652_T001,Chr.9,100616088,A,C,100616036,100616174,53,spike length
Zm00001d046652,Zm00001d046652_T001,Chr.9,100616088,A,C,100616047,100616163,42,spike length
Zm00001d046652,Zm00001d046652_T001,Chr.9,100616088,A,C,100616056,100616154,33,spike length
Zm00001d046652,Zm00001d046652_T001,Chr.9,100616088,A,C,100616067,100616173,22,spike length
Zm00001d046652,Zm00001d046652_T001,Chr.9,100616088,A,C,100616072,100616138,17,spike length
Zm00001d046802,Zm00001d046802_T001,Chr.9,106486881,G,C,106486747,106487085,205,plant height
Zm00001d046802,Zm00001d046802_T001,Chr.9,106486881,G,C,106486752,106487080,200,plant height
Zm00001d046802,Zm00001d046802_T001,Chr.9,106486881,G,C,106486798,106487034,154,plant height
Zm00001d046802,Zm00001d046802_T001,Chr.9,106486881,G,C,106486817,106487015,135,plant height
Zm00001d046802,Zm00001d046802_T001,Chr.9,106486881,G,C,106486827,106487005,125,plant height
Zm00001d046802,Zm00001d046802_T001,Chr.9,106486881,G,C,106486833,106486999,119,plant height
Zm00001d046802,Zm00001d046802_T001,Chr.9,106486881,G,C,106486837,106486995,115,plant height
Zm00001d046802,Zm00001d046802_T001,Chr.9,106486881,G,C,106486838,106486994,114,plant height
Zm00001d046802,Zm00001d046802_T001,Chr.9,106486881,G,C,106486848,106486984,104,plant height
Zm00001d047283,Zm00001d047283_T011,Chr.9,125443550,G,C,125443511,125443687,138,the number of husk layer
Zm00001d047283,Zm00001d047283_T011,Chr.9,125443550,G,C,125443516,125443682,133,the number of husk layer
Zm00001d047874,Zm00001d047874_T001,Chr.9,143984034,T,C,143983999,143984087,36,ear height
Zm00001d048047,Zm00001d048047_T023,Chr.9,148744192,T,C,148744006,148744234,43,ear height
Zm00001d048047,Zm00001d048047_T023,Chr.9,148744192,T,C,148744096,148744334,143,ear height
Zm00001d048047,Zm00001d048047_T023,Chr.9,148744192,T,C,148744097,148744333,142,ear height
Zm00001d048047,Zm00001d048047_T023,Chr.9,148744192,T,C,148744116,148744314,123,ear height
Zm00001d048047,Zm00001d048047_T023,Chr.9,148744192,T,C,148744121,148744309,118,ear height
Zm00001d048047,Zm00001d048047_T023,Chr.9,148744192,T,C,148744136,148744294,103,ear height
Zm00001d048522,Zm00001d048522_T001,Chr.9,157739331,G,A,157739207,157739393,63,Fusarium ear rot resistance
